hs6,hs4,group,name_kr,name_kr_hs4
240411,2404,사각지대(수집필요),"담배·재구성한 담배·니코틴이나 담배 대용물·니코틴 대용물을 함유한 물품(연소시키지 않고 흡입하도록 만들어진 것으로 한정한다), 니코틴을 함유한 그 밖의 물품으로 인체 내에 니코틴을 흡수시키도록 만들어진 것","담배·재구성한 담배·니코틴이나 담배 대용물·니코틴 대용물을 함유한 물품(연소시키지 않고 흡입하도록 만들어진 것으로 한정한다), 니코틴을 함유한 그 밖의 물품으로 인체 내에 니코틴을 흡수시키도록 만들어진 것"
240412,2404,기존379(수집완료),기타(니코틴을 함유한 것으로 한정한다),"담배·재구성한 담배·니코틴이나 담배 대용물·니코틴 대용물을 함유한 물품(연소시키지 않고 흡입하도록 만들어진 것으로 한정한다), 니코틴을 함유한 그 밖의 물품으로 인체 내에 니코틴을 흡수시키도록 만들어진 것"
240419,2404,사각지대(수집필요),기타,"담배·재구성한 담배·니코틴이나 담배 대용물·니코틴 대용물을 함유한 물품(연소시키지 않고 흡입하도록 만들어진 것으로 한정한다), 니코틴을 함유한 그 밖의 물품으로 인체 내에 니코틴을 흡수시키도록 만들어진 것"
240491,2404,사각지대(수집필요),"담배·재구성한 담배·니코틴이나 담배 대용물·니코틴 대용물을 함유한 물품(연소시키지 않고 흡입하도록 만들어진 것으로 한정한다), 니코틴을 함유한 그 밖의 물품으로 인체 내에 니코틴을 흡수시키도록 만들어진 것","담배·재구성한 담배·니코틴이나 담배 대용물·니코틴 대용물을 함유한 물품(연소시키지 않고 흡입하도록 만들어진 것으로 한정한다), 니코틴을 함유한 그 밖의 물품으로 인체 내에 니코틴을 흡수시키도록 만들어진 것"
240492,2404,사각지대(수집필요),"담배·재구성한 담배·니코틴이나 담배 대용물·니코틴 대용물을 함유한 물품(연소시키지 않고 흡입하도록 만들어진 것으로 한정한다), 니코틴을 함유한 그 밖의 물품으로 인체 내에 니코틴을 흡수시키도록 만들어진 것","담배·재구성한 담배·니코틴이나 담배 대용물·니코틴 대용물을 함유한 물품(연소시키지 않고 흡입하도록 만들어진 것으로 한정한다), 니코틴을 함유한 그 밖의 물품으로 인체 내에 니코틴을 흡수시키도록 만들어진 것"
240499,2404,사각지대(수집필요),"담배·재구성한 담배·니코틴이나 담배 대용물·니코틴 대용물을 함유한 물품(연소시키지 않고 흡입하도록 만들어진 것으로 한정한다), 니코틴을 함유한 그 밖의 물품으로 인체 내에 니코틴을 흡수시키도록 만들어진 것","담배·재구성한 담배·니코틴이나 담배 대용물·니코틴 대용물을 함유한 물품(연소시키지 않고 흡입하도록 만들어진 것으로 한정한다), 니코틴을 함유한 그 밖의 물품으로 인체 내에 니코틴을 흡수시키도록 만들어진 것"
250100,2501,기존379(수집완료),"소금(식탁염과 변성염을 포함한다), 순염화나트륨[수용액(水溶液)인지 또는 고결(固結)방지제나 유동제를 첨가한 것인지에 상관없다]과 바닷물","소금(식탁염과 변성염을 포함한다), 순염화나트륨[수용액(水溶液)인지 또는 고결(固結)방지제나 유동제를 첨가한 것인지에 상관없다]과 바닷물"
250300,2503,기존379(수집완료),황[승화황(昇華黃)ㆍ침강황(沈降黃)ㆍ콜로이드황은 제외한다],황[승화황(昇華黃)ㆍ침강황(沈降黃)ㆍ콜로이드황은 제외한다]
250510,2505,52HS4(수집완료),천연 모래(착색된 것인지에 상관없으며 제26류의 금속을 함유하는 모래는 제외한다),천연 모래(착색된 것인지에 상관없으며 제26류의 금속을 함유하는 모래는 제외한다)
250590,2505,52HS4(수집완료),기타,천연 모래(착색된 것인지에 상관없으며 제26류의 금속을 함유하는 모래는 제외한다)
250700,2507,기존379(수집완료),고령토와 그 밖의 고령토질의 점토[하소(煆燒)한 것인지에 상관없다],고령토와 그 밖의 고령토질의 점토[하소(煆燒)한 것인지에 상관없다]
250810,2508,사각지대(수집필요),"그 밖의 점토(제6806호의 팽창된 점토는 제외한다)ㆍ홍주석(紅柱石)ㆍ남정석(藍晶石)ㆍ규선석(硅線石) [하소(煆燒)한 것인지에 상관없다], 멀라이트(mullite), 샤모트(chamotte)나 다이나스 어스(dinas earth)","그 밖의 점토(제6806호의 팽창된 점토는 제외한다)ㆍ홍주석(紅柱石)ㆍ남정석(藍晶石)ㆍ규선석(硅線石) [하소(煆燒)한 것인지에 상관없다], 멀라이트(mullite), 샤모트(chamotte)나 다이나스 어스(dinas earth)"
250830,2508,사각지대(수집필요),"그 밖의 점토(제6806호의 팽창된 점토는 제외한다)ㆍ홍주석(紅柱石)ㆍ남정석(藍晶石)ㆍ규선석(硅線石) [하소(煆燒)한 것인지에 상관없다], 멀라이트(mullite), 샤모트(chamotte)나 다이나스 어스(dinas earth)","그 밖의 점토(제6806호의 팽창된 점토는 제외한다)ㆍ홍주석(紅柱石)ㆍ남정석(藍晶石)ㆍ규선석(硅線石) [하소(煆燒)한 것인지에 상관없다], 멀라이트(mullite), 샤모트(chamotte)나 다이나스 어스(dinas earth)"
250840,2508,사각지대(수집필요),그 밖의 점토,"그 밖의 점토(제6806호의 팽창된 점토는 제외한다)ㆍ홍주석(紅柱石)ㆍ남정석(藍晶石)ㆍ규선석(硅線石) [하소(煆燒)한 것인지에 상관없다], 멀라이트(mullite), 샤모트(chamotte)나 다이나스 어스(dinas earth)"
250850,2508,사각지대(수집필요),홍주석(紅柱石)ㆍ남정석(藍晶石)ㆍ규선석(硅線石),"그 밖의 점토(제6806호의 팽창된 점토는 제외한다)ㆍ홍주석(紅柱石)ㆍ남정석(藍晶石)ㆍ규선석(硅線石) [하소(煆燒)한 것인지에 상관없다], 멀라이트(mullite), 샤모트(chamotte)나 다이나스 어스(dinas earth)"
250860,2508,기존379(수집완료),"그 밖의 점토(제6806호의 팽창된 점토는 제외한다)ㆍ홍주석(紅柱石)ㆍ남정석(藍晶石)ㆍ규선석(硅線石) [하소(煆燒)한 것인지에 상관없다], 멀라이트(mullite), 샤모트(chamotte)나 다이나스 어스(dinas earth)","그 밖의 점토(제6806호의 팽창된 점토는 제외한다)ㆍ홍주석(紅柱石)ㆍ남정석(藍晶石)ㆍ규선석(硅線石) [하소(煆燒)한 것인지에 상관없다], 멀라이트(mullite), 샤모트(chamotte)나 다이나스 어스(dinas earth)"
250870,2508,사각지대(수집필요),"샤모트(chamotte), 다이나스 어스(dinas earth)","그 밖의 점토(제6806호의 팽창된 점토는 제외한다)ㆍ홍주석(紅柱石)ㆍ남정석(藍晶石)ㆍ규선석(硅線石) [하소(煆燒)한 것인지에 상관없다], 멀라이트(mullite), 샤모트(chamotte)나 다이나스 어스(dinas earth)"
251110,2511,기존379(수집완료),"천연 황산바륨[중정석(重晶石)], 천연 탄산바륨[독중석(毒重石)][하소(煆燒)한 것인지에 상관없으며 제2816호의 산화바륨은 제외한다]","천연 황산바륨[중정석(重晶石)], 천연 탄산바륨[독중석(毒重石)][하소(煆燒)한 것인지에 상관없으며 제2816호의 산화바륨은 제외한다]"
251200,2512,52HS4(수집완료),규조토[예: 키절구어(kieselguhr)ㆍ트리폴리트(tripolite)ㆍ다이어토마이트(diatomite)]와 이와 유사한 규산질의 흙[하소(煆燒)한 것인지에 상관없으며 겉보기 비중이 1 이하인 것으로 한정한다],규조토[예: 키절구어(kieselguhr)ㆍ트리폴리트(tripolite)ㆍ다이어토마이트(diatomite)]와 이와 유사한 규산질의 흙[하소(煆燒)한 것인지에 상관없으며 겉보기 비중이 1 이하인 것으로 한정한다]
251310,2513,52HS4(수집완료),부석,"부석(浮石), 금강사(金剛砂), 천연 커런덤(corundum)ㆍ천연 석류석과 그 밖의 천연 연마재료(열처리한 것인지에 상관없다)"
251320,2513,52HS4(수집완료),"금강사(金剛砂), 천연 커런덤(corundum), 천연 석류석과 그 밖의 천연 연마재료","부석(浮石), 금강사(金剛砂), 천연 커런덤(corundum)ㆍ천연 석류석과 그 밖의 천연 연마재료(열처리한 것인지에 상관없다)"
251710,2517,기존379(수집완료),"자갈ㆍ왕자갈ㆍ쇄석(碎石)[콘크리트용ㆍ도로포장용ㆍ철도용이나 그 밖의 밸러스트(ballast)용에 일반적으로 사용되는 것으로 한정한다], 싱글(shingle)과 플린트(flint)(열처리한 것인지에 상관없다)","자갈ㆍ왕자갈ㆍ쇄석(碎石)[콘크리트용ㆍ도로포장용ㆍ철도용이나 그 밖의 밸러스트(ballast)용에 일반적으로 사용되는 것으로 한정한다], 싱글(shingle)과 플린트(flint)(열처리한 것인지에 상관없다), 슬래그(slag)ㆍ드로스(dross)나 이와 유사한 산업폐기물의 머캐덤(macadam)(이 호의 앞부분에 열거한 물품들과 혼합한 것인지에 상관없다), 타르 머캐덤(tarred macadam), 제2515호나 제2516호의 암석의 알갱이ㆍ파편ㆍ가루(열처리한 것인지에 상관없다)"
251720,2517,사각지대(수집필요),"자갈ㆍ왕자갈ㆍ쇄석(碎石)[콘크리트용ㆍ도로포장용ㆍ철도용이나 그 밖의 밸러스트(ballast)용에 일반적으로 사용되는 것으로 한정한다], 싱글(shingle)과 플린트(flint)(열처리한 것인지에 상관없다), 슬래그(slag)ㆍ드로스(dross)나 이와 유사한 산업폐기물의 머캐덤(macadam)(이 호의 앞부분에 열거한 물품들과 혼합한 것인지에 상관없다), 타르 머캐덤(tarred macadam), 제2515호나 제2516호의 암석의 알갱이ㆍ파편ㆍ가루(열처리한 것인지에 상관없다)","자갈ㆍ왕자갈ㆍ쇄석(碎石)[콘크리트용ㆍ도로포장용ㆍ철도용이나 그 밖의 밸러스트(ballast)용에 일반적으로 사용되는 것으로 한정한다], 싱글(shingle)과 플린트(flint)(열처리한 것인지에 상관없다), 슬래그(slag)ㆍ드로스(dross)나 이와 유사한 산업폐기물의 머캐덤(macadam)(이 호의 앞부분에 열거한 물품들과 혼합한 것인지에 상관없다), 타르 머캐덤(tarred macadam), 제2515호나 제2516호의 암석의 알갱이ㆍ파편ㆍ가루(열처리한 것인지에 상관없다)"
251730,2517,기존379(수집완료),"자갈ㆍ왕자갈ㆍ쇄석(碎石)[콘크리트용ㆍ도로포장용ㆍ철도용이나 그 밖의 밸러스트(ballast)용에 일반적으로 사용되는 것으로 한정한다], 싱글(shingle)과 플린트(flint)(열처리한 것인지에 상관없다), 슬래그(slag)ㆍ드로스(dross)나 이와 유사한 산업폐기물의 머캐덤(macadam)(이 호의 앞부분에 열거한 물품들과 혼합한 것인지에 상관없다), 타르 머캐덤(tarred macadam), 제2515호나 제2516호의 암석의 알갱이ㆍ파편ㆍ가루(열처리한 것인지에 상관없다)","자갈ㆍ왕자갈ㆍ쇄석(碎石)[콘크리트용ㆍ도로포장용ㆍ철도용이나 그 밖의 밸러스트(ballast)용에 일반적으로 사용되는 것으로 한정한다], 싱글(shingle)과 플린트(flint)(열처리한 것인지에 상관없다), 슬래그(slag)ㆍ드로스(dross)나 이와 유사한 산업폐기물의 머캐덤(macadam)(이 호의 앞부분에 열거한 물품들과 혼합한 것인지에 상관없다), 타르 머캐덤(tarred macadam), 제2515호나 제2516호의 암석의 알갱이ㆍ파편ㆍ가루(열처리한 것인지에 상관없다)"
251741,2517,기존379(수집완료),"자갈ㆍ왕자갈ㆍ쇄석(碎石)[콘크리트용ㆍ도로포장용ㆍ철도용이나 그 밖의 밸러스트(ballast)용에 일반적으로 사용되는 것으로 한정한다], 싱글(shingle)과 플린트(flint)(열처리한 것인지에 상관없다), 슬래그(slag)ㆍ드로스(dross)나 이와 유사한 산업폐기물의 머캐덤(macadam)(이 호의 앞부분에 열거한 물품들과 혼합한 것인지에 상관없다), 타르 머캐덤(tarred macadam), 제2515호나 제2516호의 암석의 알갱이ㆍ파편ㆍ가루(열처리한 것인지에 상관없다)","자갈ㆍ왕자갈ㆍ쇄석(碎石)[콘크리트용ㆍ도로포장용ㆍ철도용이나 그 밖의 밸러스트(ballast)용에 일반적으로 사용되는 것으로 한정한다], 싱글(shingle)과 플린트(flint)(열처리한 것인지에 상관없다), 슬래그(slag)ㆍ드로스(dross)나 이와 유사한 산업폐기물의 머캐덤(macadam)(이 호의 앞부분에 열거한 물품들과 혼합한 것인지에 상관없다), 타르 머캐덤(tarred macadam), 제2515호나 제2516호의 암석의 알갱이ㆍ파편ㆍ가루(열처리한 것인지에 상관없다)"
251749,2517,기존379(수집완료),기타,"자갈ㆍ왕자갈ㆍ쇄석(碎石)[콘크리트용ㆍ도로포장용ㆍ철도용이나 그 밖의 밸러스트(ballast)용에 일반적으로 사용되는 것으로 한정한다], 싱글(shingle)과 플린트(flint)(열처리한 것인지에 상관없다), 슬래그(slag)ㆍ드로스(dross)나 이와 유사한 산업폐기물의 머캐덤(macadam)(이 호의 앞부분에 열거한 물품들과 혼합한 것인지에 상관없다), 타르 머캐덤(tarred macadam), 제2515호나 제2516호의 암석의 알갱이ㆍ파편ㆍ가루(열처리한 것인지에 상관없다)"
251810,2518,기존379(수집완료),백운석(白雲石)[하소(煆燒)한 것인지 또는 소결(燒結)한 것인지에 상관없으며 톱질이나 그 밖의 방법으로 거칠게 다듬거나 단순히 절단하여 직사각형(정사각형을 포함한다)의 블록 모양이나 슬래브 모양으로 한 것을 포함한다],백운석(白雲石)[하소(煆燒)한 것인지 또는 소결(燒結)한 것인지에 상관없으며 톱질이나 그 밖의 방법으로 거칠게 다듬거나 단순히 절단하여 직사각형(정사각형을 포함한다)의 블록 모양이나 슬래브 모양으로 한 것을 포함한다]
251820,2518,기존379(수집완료),백운석(白雲石)[하소(煆燒)한 것인지 또는 소결(燒結)한 것인지에 상관없으며 톱질이나 그 밖의 방법으로 거칠게 다듬거나 단순히 절단하여 직사각형(정사각형을 포함한다)의 블록 모양이나 슬래브 모양으로 한 것을 포함한다],백운석(白雲石)[하소(煆燒)한 것인지 또는 소결(燒結)한 것인지에 상관없으며 톱질이나 그 밖의 방법으로 거칠게 다듬거나 단순히 절단하여 직사각형(정사각형을 포함한다)의 블록 모양이나 슬래브 모양으로 한 것을 포함한다]
251910,2519,사각지대(수집필요),"천연 탄산마그네슘(마그네사이트), 용융(溶融) 마그네시아, 소결(燒結)한 마그네시아[소결(燒結)하기 전에 첨가된 기타 산화물을 소량 함유한 것인지에 상관없다], 그 밖의 산화마그네슘(순수한 것인지에 상관없다)","천연 탄산마그네슘(마그네사이트), 용융(溶融) 마그네시아, 소결(燒結)한 마그네시아[소결(燒結)하기 전에 첨가된 기타 산화물을 소량 함유한 것인지에 상관없다], 그 밖의 산화마그네슘(순수한 것인지에 상관없다)"
251990,2519,기존379(수집완료),기타,"천연 탄산마그네슘(마그네사이트), 용융(溶融) 마그네시아, 소결(燒結)한 마그네시아[소결(燒結)하기 전에 첨가된 기타 산화물을 소량 함유한 것인지에 상관없다], 그 밖의 산화마그네슘(순수한 것인지에 상관없다)"
252010,2520,기존379(수집완료),석고와 무수(無水)석고,"석고, 무수(無水)석고, 플라스터(plaster)[하소(煆燒)한 석고나 황산칼슘을 원료로 한 것으로서 착색한 것인지 또는 촉진제나 지연제를 소량 첨가한 것인지에 상관없다]"
252020,2520,사각지대(수집필요),플라스터(plaster),"석고, 무수(無水)석고, 플라스터(plaster)[하소(煆燒)한 석고나 황산칼슘을 원료로 한 것으로서 착색한 것인지 또는 촉진제나 지연제를 소량 첨가한 것인지에 상관없다]"
252100,2521,기존379(수집완료),"석회석 융제(融劑), 석회석과 그 밖의 석회질의 암석(석회나 시멘트 제조용으로 한정한다)","석회석 융제(融劑), 석회석과 그 밖의 석회질의 암석(석회나 시멘트 제조용으로 한정한다)"
252210,2522,사각지대(수집필요),"생석회(生石灰), 소석회(消石灰), 수경성(水硬性) 석회(제2825호의 산화칼슘과 수산화칼슘은 제외한다)","생석회(生石灰), 소석회(消石灰), 수경성(水硬性) 석회(제2825호의 산화칼슘과 수산화칼슘은 제외한다)"
252220,2522,기존379(수집완료),"생석회(生石灰), 소석회(消石灰), 수경성(水硬性) 석회(제2825호의 산화칼슘과 수산화칼슘은 제외한다)","생석회(生石灰), 소석회(消石灰), 수경성(水硬性) 석회(제2825호의 산화칼슘과 수산화칼슘은 제외한다)"
252230,2522,사각지대(수집필요),"생석회(生石灰), 소석회(消石灰), 수경성(水硬性) 석회(제2825호의 산화칼슘과 수산화칼슘은 제외한다)","생석회(生石灰), 소석회(消石灰), 수경성(水硬性) 석회(제2825호의 산화칼슘과 수산화칼슘은 제외한다)"
252310,2523,사각지대(수집필요),포틀랜드(Portland) 시멘트ㆍ알루미나(aluminous) 시멘트ㆍ슬래그(slag) 시멘트ㆍ슈퍼설페이트(super sulphate) 시멘트와 이와 유사한 수경성(水硬性) 시멘트[착색한 것인지 또는 클링커(clinker) 형태로 된 것인지에 상관없다],포틀랜드(Portland) 시멘트ㆍ알루미나(aluminous) 시멘트ㆍ슬래그(slag) 시멘트ㆍ슈퍼설페이트(super sulphate) 시멘트와 이와 유사한 수경성(水硬性) 시멘트[착색한 것인지 또는 클링커(clinker) 형태로 된 것인지에 상관없다]
252321,2523,사각지대(수집필요),포틀랜드(Portland) 시멘트ㆍ알루미나(aluminous) 시멘트ㆍ슬래그(slag) 시멘트ㆍ슈퍼설페이트(super sulphate) 시멘트와 이와 유사한 수경성(水硬性) 시멘트[착색한 것인지 또는 클링커(clinker) 형태로 된 것인지에 상관없다],포틀랜드(Portland) 시멘트ㆍ알루미나(aluminous) 시멘트ㆍ슬래그(slag) 시멘트ㆍ슈퍼설페이트(super sulphate) 시멘트와 이와 유사한 수경성(水硬性) 시멘트[착색한 것인지 또는 클링커(clinker) 형태로 된 것인지에 상관없다]
252329,2523,사각지대(수집필요),포틀랜드(Portland) 시멘트ㆍ알루미나(aluminous) 시멘트ㆍ슬래그(slag) 시멘트ㆍ슈퍼설페이트(super sulphate) 시멘트와 이와 유사한 수경성(水硬性) 시멘트[착색한 것인지 또는 클링커(clinker) 형태로 된 것인지에 상관없다],포틀랜드(Portland) 시멘트ㆍ알루미나(aluminous) 시멘트ㆍ슬래그(slag) 시멘트ㆍ슈퍼설페이트(super sulphate) 시멘트와 이와 유사한 수경성(水硬性) 시멘트[착색한 것인지 또는 클링커(clinker) 형태로 된 것인지에 상관없다]
252330,2523,기존379(수집완료),포틀랜드(Portland) 시멘트ㆍ알루미나(aluminous) 시멘트ㆍ슬래그(slag) 시멘트ㆍ슈퍼설페이트(super sulphate) 시멘트와 이와 유사한 수경성(水硬性) 시멘트[착색한 것인지 또는 클링커(clinker) 형태로 된 것인지에 상관없다],포틀랜드(Portland) 시멘트ㆍ알루미나(aluminous) 시멘트ㆍ슬래그(slag) 시멘트ㆍ슈퍼설페이트(super sulphate) 시멘트와 이와 유사한 수경성(水硬性) 시멘트[착색한 것인지 또는 클링커(clinker) 형태로 된 것인지에 상관없다]
252390,2523,사각지대(수집필요),그 밖의 수경성(水硬性) 시멘트,포틀랜드(Portland) 시멘트ㆍ알루미나(aluminous) 시멘트ㆍ슬래그(slag) 시멘트ㆍ슈퍼설페이트(super sulphate) 시멘트와 이와 유사한 수경성(水硬性) 시멘트[착색한 것인지 또는 클링커(clinker) 형태로 된 것인지에 상관없다]
252510,2525,사각지대(수집필요),운모(쪼갠 것을 포함한다)와 운모 웨이스트(waste),운모(쪼갠 것을 포함한다)와 운모 웨이스트(waste)
252520,2525,기존379(수집완료),운모(쪼갠 것을 포함한다)와 운모 웨이스트(waste),운모(쪼갠 것을 포함한다)와 운모 웨이스트(waste)
252530,2525,사각지대(수집필요),운모(쪼갠 것을 포함한다)와 운모 웨이스트(waste),운모(쪼갠 것을 포함한다)와 운모 웨이스트(waste)
252610,2526,기존379(수집완료),천연 동석(凍石)[톱질이나 그 밖의 방법으로 거칠게 다듬거나 단순히 절단하여 직사각형(정사각형을 포함한다)의 블록 모양이나 슬래브 모양으로 한 것인지에 상관없다]과 활석,천연 동석(凍石)[톱질이나 그 밖의 방법으로 거칠게 다듬거나 단순히 절단하여 직사각형(정사각형을 포함한다)의 블록 모양이나 슬래브 모양으로 한 것인지에 상관없다]과 활석
252620,2526,기존379(수집완료),천연 동석(凍石)[톱질이나 그 밖의 방법으로 거칠게 다듬거나 단순히 절단하여 직사각형(정사각형을 포함한다)의 블록 모양이나 슬래브 모양으로 한 것인지에 상관없다]과 활석,천연 동석(凍石)[톱질이나 그 밖의 방법으로 거칠게 다듬거나 단순히 절단하여 직사각형(정사각형을 포함한다)의 블록 모양이나 슬래브 모양으로 한 것인지에 상관없다]과 활석
252800,2528,기존379(수집완료),"천연 붕산염과 그 정광(精鑛)[하소(煆燒)한 것인지에 상관없으며 천연 염수(鹽水)에서 분리한 붕산염은 제외한다], 천연 붕산(건조한 상태에서 측정한 붕산의 함유량이 전 중량의 100분의 85 이하인 것으로 한정한다)","천연 붕산염과 그 정광(精鑛)[하소(煆燒)한 것인지에 상관없으며 천연 염수(鹽水)에서 분리한 붕산염은 제외한다], 천연 붕산(건조한 상태에서 측정한 붕산의 함유량이 전 중량의 100분의 85 이하인 것으로 한정한다)"
252910,2529,사각지대(수집필요),"장석(長石), 백류석(白榴石), 하석(霞石)과 하석 섬장암(霞石 閃長巖), 형석(螢石)","장석(長石), 백류석(白榴石), 하석(霞石)과 하석 섬장암(霞石 閃長巖), 형석(螢石)"
252921,2529,기존379(수집완료),플루오르화칼슘의 함유량이 전 중량의 100분의 97 이하인 것,"장석(長石), 백류석(白榴石), 하석(霞石)과 하석 섬장암(霞石 閃長巖), 형석(螢石)"
252922,2529,기존379(수집완료),플루오르화칼슘의 함유량이 전 중량의 100분의 97을 초과하는 것,"장석(長石), 백류석(白榴石), 하석(霞石)과 하석 섬장암(霞石 閃長巖), 형석(螢石)"
252930,2529,사각지대(수집필요),"백류석(白榴石), 하석(霞石)과 하석 섬장암(霞石 閃長巖)","장석(長石), 백류석(白榴石), 하석(霞石)과 하석 섬장암(霞石 閃長巖), 형석(螢石)"
253010,2530,기존379(수집완료),"질석(蛭石), 진주암(眞珠巖), 녹니석(綠泥石)(팽창되지 않은 것으로 한정한다)",따로 분류되지 않은 광물
253090,2530,사각지대(수집필요),기타,따로 분류되지 않은 광물
260111,2601,52HS4(수집완료),응결시키지 않은 것,철광과 그 정광(精鑛)[배소(焙燒)한 황화철광을 포함한다]
260112,2601,52HS4(수집완료),응결시킨 것,철광과 그 정광(精鑛)[배소(焙燒)한 황화철광을 포함한다]
260400,2604,기존379(수집완료),니켈광과 그 정광(精鑛),니켈광과 그 정광(精鑛)
260600,2606,기존379(수집완료),알루미늄광과 그 정광(精鑛),알루미늄광과 그 정광(精鑛)
260700,2607,52HS4(수집완료),납광과 그 정광(精鑛),납광과 그 정광(精鑛)
261100,2611,기존379(수집완료),텅스텐광과 그 정광(精鑛),텅스텐광과 그 정광(精鑛)
261310,2613,52HS4(수집완료),몰리브덴광과 그 정광(精鑛),몰리브덴광과 그 정광(精鑛)
261390,2613,52HS4(수집완료),몰리브덴광과 그 정광(精鑛),몰리브덴광과 그 정광(精鑛)
261400,2614,52HS4(수집완료),티타늄광과 그 정광(精鑛),티타늄광과 그 정광(精鑛)
261510,2615,기존379(수집완료),니오븀광ㆍ탄탈륨광ㆍ바나듐광ㆍ지르코늄광과 이들의 정광(精鑛),니오븀광ㆍ탄탈륨광ㆍ바나듐광ㆍ지르코늄광과 이들의 정광(精鑛)
261590,2615,기존379(수집완료),기타,니오븀광ㆍ탄탈륨광ㆍ바나듐광ㆍ지르코늄광과 이들의 정광(精鑛)
262011,2620,52HS4(수집완료),"슬래그(slag), 회(灰), 잔재물(금속ㆍ비소나 이들의 화합물을 함유한 것으로 한정하며, 철강을 제조할 때 생기는 것은 제외한다)","슬래그(slag), 회(灰), 잔재물(금속ㆍ비소나 이들의 화합물을 함유한 것으로 한정하며, 철강을 제조할 때 생기는 것은 제외한다)"
262019,2620,52HS4(수집완료),"슬래그(slag), 회(灰), 잔재물(금속ㆍ비소나 이들의 화합물을 함유한 것으로 한정하며, 철강을 제조할 때 생기는 것은 제외한다)","슬래그(slag), 회(灰), 잔재물(금속ㆍ비소나 이들의 화합물을 함유한 것으로 한정하며, 철강을 제조할 때 생기는 것은 제외한다)"
262021,2620,52HS4(수집완료),"슬래그(slag), 회(灰), 잔재물(금속ㆍ비소나 이들의 화합물을 함유한 것으로 한정하며, 철강을 제조할 때 생기는 것은 제외한다)","슬래그(slag), 회(灰), 잔재물(금속ㆍ비소나 이들의 화합물을 함유한 것으로 한정하며, 철강을 제조할 때 생기는 것은 제외한다)"
262029,2620,52HS4(수집완료),"슬래그(slag), 회(灰), 잔재물(금속ㆍ비소나 이들의 화합물을 함유한 것으로 한정하며, 철강을 제조할 때 생기는 것은 제외한다)","슬래그(slag), 회(灰), 잔재물(금속ㆍ비소나 이들의 화합물을 함유한 것으로 한정하며, 철강을 제조할 때 생기는 것은 제외한다)"
262030,2620,52HS4(수집완료),"슬래그(slag), 회(灰), 잔재물(금속ㆍ비소나 이들의 화합물을 함유한 것으로 한정하며, 철강을 제조할 때 생기는 것은 제외한다)","슬래그(slag), 회(灰), 잔재물(금속ㆍ비소나 이들의 화합물을 함유한 것으로 한정하며, 철강을 제조할 때 생기는 것은 제외한다)"
262040,2620,52HS4(수집완료),"슬래그(slag), 회(灰), 잔재물(금속ㆍ비소나 이들의 화합물을 함유한 것으로 한정하며, 철강을 제조할 때 생기는 것은 제외한다)","슬래그(slag), 회(灰), 잔재물(금속ㆍ비소나 이들의 화합물을 함유한 것으로 한정하며, 철강을 제조할 때 생기는 것은 제외한다)"
262060,2620,52HS4(수집완료),"슬래그(slag), 회(灰), 잔재물(금속ㆍ비소나 이들의 화합물을 함유한 것으로 한정하며, 철강을 제조할 때 생기는 것은 제외한다)","슬래그(slag), 회(灰), 잔재물(금속ㆍ비소나 이들의 화합물을 함유한 것으로 한정하며, 철강을 제조할 때 생기는 것은 제외한다)"
262091,2620,52HS4(수집완료),"슬래그(slag), 회(灰), 잔재물(금속ㆍ비소나 이들의 화합물을 함유한 것으로 한정하며, 철강을 제조할 때 생기는 것은 제외한다)","슬래그(slag), 회(灰), 잔재물(금속ㆍ비소나 이들의 화합물을 함유한 것으로 한정하며, 철강을 제조할 때 생기는 것은 제외한다)"
262099,2620,52HS4(수집완료),"슬래그(slag), 회(灰), 잔재물(금속ㆍ비소나 이들의 화합물을 함유한 것으로 한정하며, 철강을 제조할 때 생기는 것은 제외한다)","슬래그(slag), 회(灰), 잔재물(금속ㆍ비소나 이들의 화합물을 함유한 것으로 한정하며, 철강을 제조할 때 생기는 것은 제외한다)"
270111,2701,사각지대(수집필요),석탄과 석탄으로 제조한 연탄ㆍ조개탄(ovoid)과 이와 유사한 고체 연료,석탄과 석탄으로 제조한 연탄ㆍ조개탄(ovoid)과 이와 유사한 고체 연료
270112,2701,기존379(수집완료),유연탄,석탄과 석탄으로 제조한 연탄ㆍ조개탄(ovoid)과 이와 유사한 고체 연료
270119,2701,사각지대(수집필요),석탄과 석탄으로 제조한 연탄ㆍ조개탄(ovoid)과 이와 유사한 고체 연료,석탄과 석탄으로 제조한 연탄ㆍ조개탄(ovoid)과 이와 유사한 고체 연료
270120,2701,사각지대(수집필요),석탄으로 제조한 연탄ㆍ조개탄(ovoid)과 이와 유사한 고체 연료,석탄과 석탄으로 제조한 연탄ㆍ조개탄(ovoid)과 이와 유사한 고체 연료
270300,2703,기존379(수집완료),"토탄(토탄 찌꺼기를 포함하며, 응결시킨 것인지에 상관없다)","토탄(토탄 찌꺼기를 포함하며, 응결시킨 것인지에 상관없다)"
270400,2704,기존379(수집완료),"코크스와 반성(半成) 코크스(석탄ㆍ갈탄ㆍ토탄으로 제조한 것으로 한정하며, 응결시킨 것인지에 상관없다), 레토르트 카본(retort carbon)","코크스와 반성(半成) 코크스(석탄ㆍ갈탄ㆍ토탄으로 제조한 것으로 한정하며, 응결시킨 것인지에 상관없다), 레토르트 카본(retort carbon)"
270600,2706,52HS4(수집완료),석탄ㆍ갈탄ㆍ토탄을 증류해서 얻은 타르와 그 밖의 광물성 타르(탈수나 부분 증류한 것과 재구성한 타르를 포함한다),석탄ㆍ갈탄ㆍ토탄을 증류해서 얻은 타르와 그 밖의 광물성 타르(탈수나 부분 증류한 것과 재구성한 타르를 포함한다)
270710,2707,사각지대(수집필요),콜타르(coal tar)를 고온 증류하여 얻은 오일과 그 밖에 이와 유사한 물품[방향족(芳香族) 성분의 중량이 비방향족(非芳香族) 성분의 중량을 초과하는 것으로 한정한다],콜타르(coal tar)를 고온 증류하여 얻은 오일과 그 밖에 이와 유사한 물품[방향족(芳香族) 성분의 중량이 비방향족(非芳香族) 성분의 중량을 초과하는 것으로 한정한다]
270720,2707,기존379(수집완료),콜타르(coal tar)를 고온 증류하여 얻은 오일과 그 밖에 이와 유사한 물품[방향족(芳香族) 성분의 중량이 비방향족(非芳香族) 성분의 중량을 초과하는 것으로 한정한다],콜타르(coal tar)를 고온 증류하여 얻은 오일과 그 밖에 이와 유사한 물품[방향족(芳香族) 성분의 중량이 비방향족(非芳香族) 성분의 중량을 초과하는 것으로 한정한다]
270730,2707,기존379(수집완료),콜타르(coal tar)를 고온 증류하여 얻은 오일과 그 밖에 이와 유사한 물품[방향족(芳香族) 성분의 중량이 비방향족(非芳香族) 성분의 중량을 초과하는 것으로 한정한다],콜타르(coal tar)를 고온 증류하여 얻은 오일과 그 밖에 이와 유사한 물품[방향족(芳香族) 성분의 중량이 비방향족(非芳香族) 성분의 중량을 초과하는 것으로 한정한다]
270740,2707,사각지대(수집필요),콜타르(coal tar)를 고온 증류하여 얻은 오일과 그 밖에 이와 유사한 물품[방향족(芳香族) 성분의 중량이 비방향족(非芳香族) 성분의 중량을 초과하는 것으로 한정한다],콜타르(coal tar)를 고온 증류하여 얻은 오일과 그 밖에 이와 유사한 물품[방향족(芳香族) 성분의 중량이 비방향족(非芳香族) 성분의 중량을 초과하는 것으로 한정한다]
270750,2707,기존379(수집완료),콜타르(coal tar)를 고온 증류하여 얻은 오일과 그 밖에 이와 유사한 물품[방향족(芳香族) 성분의 중량이 비방향족(非芳香族) 성분의 중량을 초과하는 것으로 한정한다],콜타르(coal tar)를 고온 증류하여 얻은 오일과 그 밖에 이와 유사한 물품[방향족(芳香族) 성분의 중량이 비방향족(非芳香族) 성분의 중량을 초과하는 것으로 한정한다]
270791,2707,사각지대(수집필요),콜타르(coal tar)를 고온 증류하여 얻은 오일과 그 밖에 이와 유사한 물품[방향족(芳香族) 성분의 중량이 비방향족(非芳香族) 성분의 중량을 초과하는 것으로 한정한다],콜타르(coal tar)를 고온 증류하여 얻은 오일과 그 밖에 이와 유사한 물품[방향족(芳香族) 성분의 중량이 비방향족(非芳香族) 성분의 중량을 초과하는 것으로 한정한다]
270799,2707,사각지대(수집필요),기타,콜타르(coal tar)를 고온 증류하여 얻은 오일과 그 밖에 이와 유사한 물품[방향족(芳香族) 성분의 중량이 비방향족(非芳香族) 성분의 중량을 초과하는 것으로 한정한다]
270810,2708,기존379(수집완료),피치(pitch)와 피치코크스[콜타르(coal tar)나 그 밖의 광물성 타르에서 얻은 것으로 한정한다],피치(pitch)와 피치코크스[콜타르(coal tar)나 그 밖의 광물성 타르에서 얻은 것으로 한정한다]
270820,2708,기존379(수집완료),피치(pitch)와 피치코크스[콜타르(coal tar)나 그 밖의 광물성 타르에서 얻은 것으로 한정한다],피치(pitch)와 피치코크스[콜타르(coal tar)나 그 밖의 광물성 타르에서 얻은 것으로 한정한다]
271210,2712,기존379(수집완료),석유젤리,"석유젤리ㆍ파라핀왁스ㆍ마이크로크리스털린(micro crystalline)석유왁스ㆍ슬랙왁스(slack wax)ㆍ오조케라이트(ozokerite)ㆍ갈탄왁스ㆍ토탄왁스, 그 밖의 광물성 왁스와 합성이나 그 밖의 공정에 따라 얻은 이와 유사한 물품(착색한 것인지에 상관없다)"
271220,2712,기존379(수집완료),"석유젤리ㆍ파라핀왁스ㆍ마이크로크리스털린(micro crystalline)석유왁스ㆍ슬랙왁스(slack wax)ㆍ오조케라이트(ozokerite)ㆍ갈탄왁스ㆍ토탄왁스, 그 밖의 광물성 왁스와 합성이나 그 밖의 공정에 따라 얻은 이와 유사한 물품(착색한 것인지에 상관없다)","석유젤리ㆍ파라핀왁스ㆍ마이크로크리스털린(micro crystalline)석유왁스ㆍ슬랙왁스(slack wax)ㆍ오조케라이트(ozokerite)ㆍ갈탄왁스ㆍ토탄왁스, 그 밖의 광물성 왁스와 합성이나 그 밖의 공정에 따라 얻은 이와 유사한 물품(착색한 것인지에 상관없다)"
271290,2712,기존379(수집완료),기타,"석유젤리ㆍ파라핀왁스ㆍ마이크로크리스털린(micro crystalline)석유왁스ㆍ슬랙왁스(slack wax)ㆍ오조케라이트(ozokerite)ㆍ갈탄왁스ㆍ토탄왁스, 그 밖의 광물성 왁스와 합성이나 그 밖의 공정에 따라 얻은 이와 유사한 물품(착색한 것인지에 상관없다)"
271311,2713,52HS4(수집완료),석유코크스ㆍ석유역청(瀝靑)과 그 밖의 석유나 역청유(瀝靑油)의 잔재물,석유코크스ㆍ석유역청(瀝靑)과 그 밖의 석유나 역청유(瀝靑油)의 잔재물
271312,2713,52HS4(수집완료),석유코크스ㆍ석유역청(瀝靑)과 그 밖의 석유나 역청유(瀝靑油)의 잔재물,석유코크스ㆍ석유역청(瀝靑)과 그 밖의 석유나 역청유(瀝靑油)의 잔재물
271320,2713,52HS4(수집완료),석유코크스ㆍ석유역청(瀝靑)과 그 밖의 석유나 역청유(瀝靑油)의 잔재물,석유코크스ㆍ석유역청(瀝靑)과 그 밖의 석유나 역청유(瀝靑油)의 잔재물
271390,2713,52HS4(수집완료),석유코크스ㆍ석유역청(瀝靑)과 그 밖의 석유나 역청유(瀝靑油)의 잔재물,석유코크스ㆍ석유역청(瀝靑)과 그 밖의 석유나 역청유(瀝靑油)의 잔재물
271500,2715,52HS4(수집완료),"역청질(瀝靑質) 혼합물[천연 아스팔트, 천연 역청(瀝靑), 석유역청(瀝靑), 광물성 타르, 광물성 타르 피치(tar pitch)를 기본 재료로 한 것으로 한정한다(예: 역청질 매스틱과 컷백)]","역청질(瀝靑質) 혼합물[천연 아스팔트, 천연 역청(瀝靑), 석유역청(瀝靑), 광물성 타르, 광물성 타르 피치(tar pitch)를 기본 재료로 한 것으로 한정한다(예: 역청질 매스틱과 컷백)]"
280110,2801,기존379(수집완료),플루오르ㆍ염소ㆍ브롬ㆍ요드,플루오르ㆍ염소ㆍ브롬ㆍ요드
280120,2801,기존379(수집완료),플루오르ㆍ염소ㆍ브롬ㆍ요드,플루오르ㆍ염소ㆍ브롬ㆍ요드
280130,2801,기존379(수집완료),플루오르와 브롬,플루오르ㆍ염소ㆍ브롬ㆍ요드
280511,2805,사각지대(수집필요),"알칼리금속ㆍ알칼리토류금속, 희토류(稀土類)금속, 스칸듐과 이트륨(상호 혼합된 것인지 또는 상호 합금된 것인지에 상관없다), 수은","알칼리금속ㆍ알칼리토류금속, 희토류(稀土類)금속, 스칸듐과 이트륨(상호 혼합된 것인지 또는 상호 합금된 것인지에 상관없다), 수은"
280512,2805,사각지대(수집필요),"알칼리금속ㆍ알칼리토류금속, 희토류(稀土類)금속, 스칸듐과 이트륨(상호 혼합된 것인지 또는 상호 합금된 것인지에 상관없다), 수은","알칼리금속ㆍ알칼리토류금속, 희토류(稀土類)금속, 스칸듐과 이트륨(상호 혼합된 것인지 또는 상호 합금된 것인지에 상관없다), 수은"
280519,2805,사각지대(수집필요),"알칼리금속ㆍ알칼리토류금속, 희토류(稀土類)금속, 스칸듐과 이트륨(상호 혼합된 것인지 또는 상호 합금된 것인지에 상관없다), 수은","알칼리금속ㆍ알칼리토류금속, 희토류(稀土類)금속, 스칸듐과 이트륨(상호 혼합된 것인지 또는 상호 합금된 것인지에 상관없다), 수은"
280530,2805,기존379(수집완료),"희토류(稀土類)금속, 스칸듐과 이트륨(상호 혼합된 것인지 또는 상호 합금된 것인지에 상관없다)","알칼리금속ㆍ알칼리토류금속, 희토류(稀土類)금속, 스칸듐과 이트륨(상호 혼합된 것인지 또는 상호 합금된 것인지에 상관없다), 수은"
280540,2805,사각지대(수집필요),"알칼리금속ㆍ알칼리토류금속, 희토류(稀土類)금속, 스칸듐과 이트륨(상호 혼합된 것인지 또는 상호 합금된 것인지에 상관없다), 수은","알칼리금속ㆍ알칼리토류금속, 희토류(稀土類)금속, 스칸듐과 이트륨(상호 혼합된 것인지 또는 상호 합금된 것인지에 상관없다), 수은"
280610,2806,기존379(수집완료),염화수소(염산)와 클로로황산,염화수소(염산)와 클로로황산
280620,2806,사각지대(수집필요),염화수소(염산)와 클로로황산,염화수소(염산)와 클로로황산
280910,2809,사각지대(수집필요),"오산화인, 인산, 폴리인산(화학적으로 단일한 것인지에 상관없다)","오산화인, 인산, 폴리인산(화학적으로 단일한 것인지에 상관없다)"
280920,2809,기존379(수집완료),인산과 폴리인산,"오산화인, 인산, 폴리인산(화학적으로 단일한 것인지에 상관없다)"
281000,2810,기존379(수집완료),붕소의 산화물과 붕산,붕소의 산화물과 붕산
281111,2811,기존379(수집완료),플루오르화수소(플루오르화수소산),그 밖의 무기산과 무기 비(非)금속 산화물
281112,2811,사각지대(수집필요),그 밖의 무기산과 무기 비(非)금속 산화물,그 밖의 무기산과 무기 비(非)금속 산화물
281119,2811,사각지대(수집필요),기타,그 밖의 무기산과 무기 비(非)금속 산화물
281121,2811,사각지대(수집필요),그 밖의 무기산과 무기 비(非)금속 산화물,그 밖의 무기산과 무기 비(非)금속 산화물
281122,2811,기존379(수집완료),이산화규소,그 밖의 무기산과 무기 비(非)금속 산화물
281129,2811,기존379(수집완료),기타,그 밖의 무기산과 무기 비(非)금속 산화물
281212,2812,사각지대(수집필요),비(非)금속 할로겐화물과 산화할로겐화물,비(非)금속 할로겐화물과 산화할로겐화물
281213,2812,기존379(수집완료),비(非)금속 할로겐화물과 산화할로겐화물,비(非)금속 할로겐화물과 산화할로겐화물
281214,2812,사각지대(수집필요),비(非)금속 할로겐화물과 산화할로겐화물,비(非)금속 할로겐화물과 산화할로겐화물
281215,2812,사각지대(수집필요),비(非)금속 할로겐화물과 산화할로겐화물,비(非)금속 할로겐화물과 산화할로겐화물
281216,2812,사각지대(수집필요),비(非)금속 할로겐화물과 산화할로겐화물,비(非)금속 할로겐화물과 산화할로겐화물
281217,2812,사각지대(수집필요),비(非)금속 할로겐화물과 산화할로겐화물,비(非)금속 할로겐화물과 산화할로겐화물
281219,2812,사각지대(수집필요),비(非)금속 할로겐화물과 산화할로겐화물,비(非)금속 할로겐화물과 산화할로겐화물
281290,2812,기존379(수집완료),기타,비(非)금속 할로겐화물과 산화할로겐화물
281310,2813,사각지대(수집필요),비(非)금속 황화물과 상관습(商慣習)상의 삼황화인,비(非)금속 황화물과 상관습(商慣習)상의 삼황화인
281390,2813,기존379(수집완료),비(非)금속 황화물과 상관습(商慣習)상의 삼황화인,비(非)금속 황화물과 상관습(商慣習)상의 삼황화인
281410,2814,52HS4(수집완료),무수(無水)암모니아나 암모니아수,무수(無水)암모니아나 암모니아수
281420,2814,52HS4(수집완료),무수(無水)암모니아나 암모니아수,무수(無水)암모니아나 암모니아수
281511,2815,52HS4(수집완료),"수산화나트륨[가성(苛性)소다], 수산화칼륨[가성(苛性)칼륨], 과산화나트륨ㆍ과산화칼륨","수산화나트륨[가성(苛性)소다], 수산화칼륨[가성(苛性)칼륨], 과산화나트륨ㆍ과산화칼륨"
281512,2815,52HS4(수집완료),"수산화나트륨[가성(苛性)소다], 수산화칼륨[가성(苛性)칼륨], 과산화나트륨ㆍ과산화칼륨","수산화나트륨[가성(苛性)소다], 수산화칼륨[가성(苛性)칼륨], 과산화나트륨ㆍ과산화칼륨"
281520,2815,52HS4(수집완료),"수산화나트륨[가성(苛性)소다], 수산화칼륨[가성(苛性)칼륨], 과산화나트륨ㆍ과산화칼륨","수산화나트륨[가성(苛性)소다], 수산화칼륨[가성(苛性)칼륨], 과산화나트륨ㆍ과산화칼륨"
281530,2815,52HS4(수집완료),"수산화나트륨[가성(苛性)소다], 수산화칼륨[가성(苛性)칼륨], 과산화나트륨ㆍ과산화칼륨","수산화나트륨[가성(苛性)소다], 수산화칼륨[가성(苛性)칼륨], 과산화나트륨ㆍ과산화칼륨"
281610,2816,사각지대(수집필요),수산화마그네슘과 과산화마그네슘,"수산화마그네슘ㆍ과산화마그네슘, 스트론튬이나 바륨의 산화물ㆍ수산화물ㆍ과산화물"
281640,2816,기존379(수집완료),"수산화마그네슘ㆍ과산화마그네슘, 스트론튬이나 바륨의 산화물ㆍ수산화물ㆍ과산화물","수산화마그네슘ㆍ과산화마그네슘, 스트론튬이나 바륨의 산화물ㆍ수산화물ㆍ과산화물"
281700,2817,52HS4(수집완료),산화아연과 과산화아연,산화아연과 과산화아연
281810,2818,기존379(수집완료),인조 커런덤(corundum)(화학적으로 단일한 것인지에 상관없다),"인조 커런덤(corundum)(화학적으로 단일한 것인지에 상관없다), 산화알루미늄, 수산화알루미늄"
281820,2818,사각지대(수집필요),산화알루미늄[인조 커런덤(corundum)은 제외한다],"인조 커런덤(corundum)(화학적으로 단일한 것인지에 상관없다), 산화알루미늄, 수산화알루미늄"
281830,2818,사각지대(수집필요),수산화알루미늄,"인조 커런덤(corundum)(화학적으로 단일한 것인지에 상관없다), 산화알루미늄, 수산화알루미늄"
282010,2820,기존379(수집완료),산화망간,산화망간
282090,2820,사각지대(수집필요),산화망간,산화망간
282110,2821,기존379(수집완료),산화철과 수산화철,산화철ㆍ수산화철ㆍ어스컬러(earth colour)[화합철분의 함유량이 산화제이철(Fe2O3)로서 계산하여 전 중량의 100분의 70 이상인 것으로 한정한다]
282120,2821,사각지대(수집필요),산화철ㆍ수산화철ㆍ어스컬러(earth colour)[화합철분의 함유량이 산화제이철(Fe2O3)로서 계산하여 전 중량의 100분의 70 이상인 것으로 한정한다],산화철ㆍ수산화철ㆍ어스컬러(earth colour)[화합철분의 함유량이 산화제이철(Fe2O3)로서 계산하여 전 중량의 100분의 70 이상인 것으로 한정한다]
282200,2822,기존379(수집완료),"산화코발트, 수산화코발트, 상관습(商慣習)상의 산화코발트","산화코발트, 수산화코발트, 상관습(商慣習)상의 산화코발트"
282300,2823,52HS4(수집완료),산화티타늄,산화티타늄
282612,2826,사각지대(수집필요),"플루오르화물, 플루오르화규산염ㆍ플루오르화알루미늄산염과 그 밖의 플루오르착염","플루오르화물, 플루오르화규산염ㆍ플루오르화알루미늄산염과 그 밖의 플루오르착염"
282619,2826,기존379(수집완료),기타,"플루오르화물, 플루오르화규산염ㆍ플루오르화알루미늄산염과 그 밖의 플루오르착염"
282630,2826,사각지대(수집필요),"플루오르화물, 플루오르화규산염ㆍ플루오르화알루미늄산염과 그 밖의 플루오르착염","플루오르화물, 플루오르화규산염ㆍ플루오르화알루미늄산염과 그 밖의 플루오르착염"
282690,2826,기존379(수집완료),기타,"플루오르화물, 플루오르화규산염ㆍ플루오르화알루미늄산염과 그 밖의 플루오르착염"
282710,2827,사각지대(수집필요),"염화물ㆍ산화염화물ㆍ수산화염화물, 브롬화물ㆍ산화브롬화물과 요드화물ㆍ산화요드화물","염화물ㆍ산화염화물ㆍ수산화염화물, 브롬화물ㆍ산화브롬화물과 요드화물ㆍ산화요드화물"
282720,2827,기존379(수집완료),"염화물ㆍ산화염화물ㆍ수산화염화물, 브롬화물ㆍ산화브롬화물과 요드화물ㆍ산화요드화물","염화물ㆍ산화염화물ㆍ수산화염화물, 브롬화물ㆍ산화브롬화물과 요드화물ㆍ산화요드화물"
282731,2827,기존379(수집완료),"염화물ㆍ산화염화물ㆍ수산화염화물, 브롬화물ㆍ산화브롬화물과 요드화물ㆍ산화요드화물","염화물ㆍ산화염화물ㆍ수산화염화물, 브롬화물ㆍ산화브롬화물과 요드화물ㆍ산화요드화물"
282732,2827,사각지대(수집필요),"염화물ㆍ산화염화물ㆍ수산화염화물, 브롬화물ㆍ산화브롬화물과 요드화물ㆍ산화요드화물","염화물ㆍ산화염화물ㆍ수산화염화물, 브롬화물ㆍ산화브롬화물과 요드화물ㆍ산화요드화물"
282735,2827,사각지대(수집필요),"염화물ㆍ산화염화물ㆍ수산화염화물, 브롬화물ㆍ산화브롬화물과 요드화물ㆍ산화요드화물","염화물ㆍ산화염화물ㆍ수산화염화물, 브롬화물ㆍ산화브롬화물과 요드화물ㆍ산화요드화물"
282739,2827,사각지대(수집필요),기타,"염화물ㆍ산화염화물ㆍ수산화염화물, 브롬화물ㆍ산화브롬화물과 요드화물ㆍ산화요드화물"
282741,2827,사각지대(수집필요),산화염화구리와 수산화염화구리,"염화물ㆍ산화염화물ㆍ수산화염화물, 브롬화물ㆍ산화브롬화물과 요드화물ㆍ산화요드화물"
282749,2827,사각지대(수집필요),기타,"염화물ㆍ산화염화물ㆍ수산화염화물, 브롬화물ㆍ산화브롬화물과 요드화물ㆍ산화요드화물"
282751,2827,사각지대(수집필요),브롬화나트륨이나 브롬화칼륨,"염화물ㆍ산화염화물ㆍ수산화염화물, 브롬화물ㆍ산화브롬화물과 요드화물ㆍ산화요드화물"
282759,2827,사각지대(수집필요),"염화물ㆍ산화염화물ㆍ수산화염화물, 브롬화물ㆍ산화브롬화물과 요드화물ㆍ산화요드화물","염화물ㆍ산화염화물ㆍ수산화염화물, 브롬화물ㆍ산화브롬화물과 요드화물ㆍ산화요드화물"
282760,2827,기존379(수집완료),요드화합물과 산화요드화물,"염화물ㆍ산화염화물ㆍ수산화염화물, 브롬화물ㆍ산화브롬화물과 요드화물ㆍ산화요드화물"
282810,2828,기존379(수집완료),하이포아염소산염ㆍ상관습(商慣習)상의 하이포아염소산칼슘ㆍ아염소산염ㆍ하이포아브롬산염,하이포아염소산염ㆍ상관습(商慣習)상의 하이포아염소산칼슘ㆍ아염소산염ㆍ하이포아브롬산염
282890,2828,기존379(수집완료),기타,하이포아염소산염ㆍ상관습(商慣習)상의 하이포아염소산칼슘ㆍ아염소산염ㆍ하이포아브롬산염
282911,2829,기존379(수집완료),"염소산염과 과염소산염, 브롬산염과 과브롬산염, 요드산염과 과요드산염","염소산염과 과염소산염, 브롬산염과 과브롬산염, 요드산염과 과요드산염"
282919,2829,사각지대(수집필요),"염소산염과 과염소산염, 브롬산염과 과브롬산염, 요드산염과 과요드산염","염소산염과 과염소산염, 브롬산염과 과브롬산염, 요드산염과 과요드산염"
282990,2829,기존379(수집완료),기타,"염소산염과 과염소산염, 브롬산염과 과브롬산염, 요드산염과 과요드산염"
283110,2831,기존379(수집완료),아이티온산나트륨과 술폭실산나트륨,아이티온산염과 술폭실산염
283190,2831,사각지대(수집필요),아이티온산염과 술폭실산염,아이티온산염과 술폭실산염
283210,2832,기존379(수집완료),아황산염과 티오황산염,아황산염과 티오황산염
283220,2832,사각지대(수집필요),아황산염과 티오황산염,아황산염과 티오황산염
283230,2832,기존379(수집완료),티오황산염,아황산염과 티오황산염
283410,2834,기존379(수집완료),아질산염과 질산염,아질산염과 질산염
283421,2834,사각지대(수집필요),아질산염과 질산염,아질산염과 질산염
283429,2834,기존379(수집완료),기타,아질산염과 질산염
283510,2835,기존379(수집완료),포스피네이트(하이포아인산염)와 포스포네이트(아인산염),"포스피네이트(하이포아인산염)ㆍ포스포네이트(아인산염)ㆍ인산염, 폴리인산염(화학적으로 단일한 것인지에 상관없다)"
283522,2835,사각지대(수집필요),인산일나트륨이나 인산이나트륨,"포스피네이트(하이포아인산염)ㆍ포스포네이트(아인산염)ㆍ인산염, 폴리인산염(화학적으로 단일한 것인지에 상관없다)"
283524,2835,기존379(수집완료),"포스피네이트(하이포아인산염)ㆍ포스포네이트(아인산염)ㆍ인산염, 폴리인산염(화학적으로 단일한 것인지에 상관없다)","포스피네이트(하이포아인산염)ㆍ포스포네이트(아인산염)ㆍ인산염, 폴리인산염(화학적으로 단일한 것인지에 상관없다)"
283525,2835,기존379(수집완료),"포스피네이트(하이포아인산염)ㆍ포스포네이트(아인산염)ㆍ인산염, 폴리인산염(화학적으로 단일한 것인지에 상관없다)","포스피네이트(하이포아인산염)ㆍ포스포네이트(아인산염)ㆍ인산염, 폴리인산염(화학적으로 단일한 것인지에 상관없다)"
283526,2835,기존379(수집완료),"포스피네이트(하이포아인산염)ㆍ포스포네이트(아인산염)ㆍ인산염, 폴리인산염(화학적으로 단일한 것인지에 상관없다)","포스피네이트(하이포아인산염)ㆍ포스포네이트(아인산염)ㆍ인산염, 폴리인산염(화학적으로 단일한 것인지에 상관없다)"
283529,2835,기존379(수집완료),기타,"포스피네이트(하이포아인산염)ㆍ포스포네이트(아인산염)ㆍ인산염, 폴리인산염(화학적으로 단일한 것인지에 상관없다)"
283531,2835,기존379(수집완료),"포스피네이트(하이포아인산염)ㆍ포스포네이트(아인산염)ㆍ인산염, 폴리인산염(화학적으로 단일한 것인지에 상관없다)","포스피네이트(하이포아인산염)ㆍ포스포네이트(아인산염)ㆍ인산염, 폴리인산염(화학적으로 단일한 것인지에 상관없다)"
283539,2835,기존379(수집완료),기타,"포스피네이트(하이포아인산염)ㆍ포스포네이트(아인산염)ㆍ인산염, 폴리인산염(화학적으로 단일한 것인지에 상관없다)"
283711,2837,기존379(수집완료),시안화나트륨과 산화시안화나트륨,시안화물ㆍ산화시안화물ㆍ시안착염
283719,2837,사각지대(수집필요),기타,시안화물ㆍ산화시안화물ㆍ시안착염
283720,2837,기존379(수집완료),시안착염,시안화물ㆍ산화시안화물ㆍ시안착염
283911,2839,기존379(수집완료),규산염과 상관습(商慣習)상의 알칼리금속의 규산염,규산염과 상관습(商慣習)상의 알칼리금속의 규산염
283919,2839,기존379(수집완료),규산염과 상관습(商慣習)상의 알칼리금속의 규산염,규산염과 상관습(商慣習)상의 알칼리금속의 규산염
283990,2839,사각지대(수집필요),기타,규산염과 상관습(商慣習)상의 알칼리금속의 규산염
284011,2840,기존379(수집완료),붕산염과 과산화붕산염(과붕산염),붕산염과 과산화붕산염(과붕산염)
284019,2840,사각지대(수집필요),붕산염과 과산화붕산염(과붕산염),붕산염과 과산화붕산염(과붕산염)
284020,2840,기존379(수집완료),붕산염과 과산화붕산염(과붕산염),붕산염과 과산화붕산염(과붕산염)
284030,2840,사각지대(수집필요),붕산염과 과산화붕산염(과붕산염),붕산염과 과산화붕산염(과붕산염)
284130,2841,사각지대(수집필요),산화금속산염이나 과산화금속산염,산화금속산염이나 과산화금속산염
284150,2841,사각지대(수집필요),산화금속산염이나 과산화금속산염,산화금속산염이나 과산화금속산염
284161,2841,사각지대(수집필요),산화금속산염이나 과산화금속산염,산화금속산염이나 과산화금속산염
284169,2841,사각지대(수집필요),기타,산화금속산염이나 과산화금속산염
284170,2841,사각지대(수집필요),산화금속산염이나 과산화금속산염,산화금속산염이나 과산화금속산염
284180,2841,사각지대(수집필요),산화금속산염이나 과산화금속산염,산화금속산염이나 과산화금속산염
284190,2841,기존379(수집완료),기타,산화금속산염이나 과산화금속산염
284210,2842,사각지대(수집필요),규산의 겹염이나 착염(화학적으로 단일한 것인지에 상관없으며 알루미노실리케이트를 포함한다),"그 밖의 무기산염이나 과산화산염[알루미노실리케이트(화학적으로 단일한 것인지에 상관없다)를 포함하며, 아지드화물은 제외한다]"
284290,2842,기존379(수집완료),기타,"그 밖의 무기산염이나 과산화산염[알루미노실리케이트(화학적으로 단일한 것인지에 상관없다)를 포함하며, 아지드화물은 제외한다]"
284310,2843,사각지대(수집필요),"콜로이드 귀금속, 귀금속의 무기화합물이나 유기화합물(화학적으로 단일한 화합물인지에 상관없다), 귀금속의 아말감(amalgam)","콜로이드 귀금속, 귀금속의 무기화합물이나 유기화합물(화학적으로 단일한 화합물인지에 상관없다), 귀금속의 아말감(amalgam)"
284321,2843,사각지대(수집필요),"콜로이드 귀금속, 귀금속의 무기화합물이나 유기화합물(화학적으로 단일한 화합물인지에 상관없다), 귀금속의 아말감(amalgam)","콜로이드 귀금속, 귀금속의 무기화합물이나 유기화합물(화학적으로 단일한 화합물인지에 상관없다), 귀금속의 아말감(amalgam)"
284329,2843,사각지대(수집필요),"콜로이드 귀금속, 귀금속의 무기화합물이나 유기화합물(화학적으로 단일한 화합물인지에 상관없다), 귀금속의 아말감(amalgam)","콜로이드 귀금속, 귀금속의 무기화합물이나 유기화합물(화학적으로 단일한 화합물인지에 상관없다), 귀금속의 아말감(amalgam)"
284330,2843,기존379(수집완료),금 화합물,"콜로이드 귀금속, 귀금속의 무기화합물이나 유기화합물(화학적으로 단일한 화합물인지에 상관없다), 귀금속의 아말감(amalgam)"
284390,2843,기존379(수집완료),그 밖의 화합물과 아말감(amalgam),"콜로이드 귀금속, 귀금속의 무기화합물이나 유기화합물(화학적으로 단일한 화합물인지에 상관없다), 귀금속의 아말감(amalgam)"
284510,2845,기존379(수집완료),동위원소(제2844호의 것은 제외한다)와 그 동위원소의 무기화합물이나 유기화합물(화학적으로 단일한 것인지에 상관없다),동위원소(제2844호의 것은 제외한다)와 그 동위원소의 무기화합물이나 유기화합물(화학적으로 단일한 것인지에 상관없다)
284520,2845,사각지대(수집필요),동위원소(제2844호의 것은 제외한다)와 그 동위원소의 무기화합물이나 유기화합물(화학적으로 단일한 것인지에 상관없다),동위원소(제2844호의 것은 제외한다)와 그 동위원소의 무기화합물이나 유기화합물(화학적으로 단일한 것인지에 상관없다)
284530,2845,사각지대(수집필요),동위원소(제2844호의 것은 제외한다)와 그 동위원소의 무기화합물이나 유기화합물(화학적으로 단일한 것인지에 상관없다),동위원소(제2844호의 것은 제외한다)와 그 동위원소의 무기화합물이나 유기화합물(화학적으로 단일한 것인지에 상관없다)
284540,2845,사각지대(수집필요),동위원소(제2844호의 것은 제외한다)와 그 동위원소의 무기화합물이나 유기화합물(화학적으로 단일한 것인지에 상관없다),동위원소(제2844호의 것은 제외한다)와 그 동위원소의 무기화합물이나 유기화합물(화학적으로 단일한 것인지에 상관없다)
284590,2845,사각지대(수집필요),기타,동위원소(제2844호의 것은 제외한다)와 그 동위원소의 무기화합물이나 유기화합물(화학적으로 단일한 것인지에 상관없다)
284910,2849,사각지대(수집필요),탄화물(화학적으로 단일한 것인지에 상관없다),탄화물(화학적으로 단일한 것인지에 상관없다)
284920,2849,기존379(수집완료),탄화물(화학적으로 단일한 것인지에 상관없다),탄화물(화학적으로 단일한 것인지에 상관없다)
284990,2849,기존379(수집완료),기타,탄화물(화학적으로 단일한 것인지에 상관없다)
285000,2850,52HS4(수집완료),수소화물ㆍ질화물ㆍ아지드화물ㆍ규화물ㆍ붕화물(화학적으로 단일한 것인지에 상관없으며 제2849호의 탄화물은 제외한다),수소화물ㆍ질화물ㆍ아지드화물ㆍ규화물ㆍ붕화물(화학적으로 단일한 것인지에 상관없으며 제2849호의 탄화물은 제외한다)
285390,2853,기존379(수집완료),기타,"인화물(燐化物)(화학적으로 단일한 것인지에 상관없으며 인철은 제외한다), 그 밖의 무기화합물[증류수나 전도도수(傳導度水)와 이와 유사한 순도의 물을 포함한다], 액체 공기[희가스(rare gas)가 제거된 것인지에 상관없다], 압축 공기, 아말감(amalgam)[귀금속의 아말감(amalgam)은 제외한다]"
290110,2901,기존379(수집완료),포화비환식탄화수소,비환식탄화수소
290121,2901,기존379(수집완료),비환식탄화수소,비환식탄화수소
290122,2901,기존379(수집완료),비환식탄화수소,비환식탄화수소
290123,2901,사각지대(수집필요),비환식탄화수소,비환식탄화수소
290124,2901,사각지대(수집필요),"1,3-부타디엔과 이소프렌",비환식탄화수소
290129,2901,기존379(수집완료),기타,비환식탄화수소
290211,2902,사각지대(수집필요),환식탄화수소,환식탄화수소
290219,2902,기존379(수집완료),기타,환식탄화수소
290220,2902,기존379(수집완료),환식탄화수소,환식탄화수소
290230,2902,사각지대(수집필요),환식탄화수소,환식탄화수소
290241,2902,사각지대(수집필요),환식탄화수소,환식탄화수소
290242,2902,사각지대(수집필요),환식탄화수소,환식탄화수소
290243,2902,기존379(수집완료),환식탄화수소,환식탄화수소
290244,2902,사각지대(수집필요),환식탄화수소,환식탄화수소
290250,2902,사각지대(수집필요),환식탄화수소,환식탄화수소
290260,2902,사각지대(수집필요),환식탄화수소,환식탄화수소
290270,2902,사각지대(수집필요),환식탄화수소,환식탄화수소
290290,2902,사각지대(수집필요),기타,환식탄화수소
290311,2903,사각지대(수집필요),염화메탄(염화메틸)과 염화에탄(염화에틸),탄화수소의 할로겐화 유도체
290312,2903,사각지대(수집필요),탄화수소의 할로겐화 유도체,탄화수소의 할로겐화 유도체
290313,2903,사각지대(수집필요),탄화수소의 할로겐화 유도체,탄화수소의 할로겐화 유도체
290314,2903,사각지대(수집필요),탄화수소의 할로겐화 유도체,탄화수소의 할로겐화 유도체
290315,2903,사각지대(수집필요),탄화수소의 할로겐화 유도체,탄화수소의 할로겐화 유도체
290319,2903,사각지대(수집필요),탄화수소의 할로겐화 유도체,탄화수소의 할로겐화 유도체
290321,2903,기존379(수집완료),탄화수소의 할로겐화 유도체,탄화수소의 할로겐화 유도체
290322,2903,사각지대(수집필요),탄화수소의 할로겐화 유도체,탄화수소의 할로겐화 유도체
290323,2903,사각지대(수집필요),탄화수소의 할로겐화 유도체,탄화수소의 할로겐화 유도체
290329,2903,사각지대(수집필요),탄화수소의 할로겐화 유도체,탄화수소의 할로겐화 유도체
290341,2903,사각지대(수집필요),탄화수소의 할로겐화 유도체,탄화수소의 할로겐화 유도체
290342,2903,사각지대(수집필요),탄화수소의 할로겐화 유도체,탄화수소의 할로겐화 유도체
290343,2903,사각지대(수집필요),탄화수소의 할로겐화 유도체,탄화수소의 할로겐화 유도체
290344,2903,사각지대(수집필요),탄화수소의 할로겐화 유도체,탄화수소의 할로겐화 유도체
290345,2903,사각지대(수집필요),탄화수소의 할로겐화 유도체,탄화수소의 할로겐화 유도체
290346,2903,사각지대(수집필요),탄화수소의 할로겐화 유도체,탄화수소의 할로겐화 유도체
290347,2903,기존379(수집완료),탄화수소의 할로겐화 유도체,탄화수소의 할로겐화 유도체
290348,2903,사각지대(수집필요),탄화수소의 할로겐화 유도체,탄화수소의 할로겐화 유도체
290349,2903,사각지대(수집필요),기타,탄화수소의 할로겐화 유도체
290351,2903,기존379(수집완료),탄화수소의 할로겐화 유도체,탄화수소의 할로겐화 유도체
290359,2903,사각지대(수집필요),탄화수소의 할로겐화 유도체,탄화수소의 할로겐화 유도체
290361,2903,사각지대(수집필요),탄화수소의 할로겐화 유도체,탄화수소의 할로겐화 유도체
290362,2903,사각지대(수집필요),탄화수소의 할로겐화 유도체,탄화수소의 할로겐화 유도체
290369,2903,사각지대(수집필요),탄화수소의 할로겐화 유도체,탄화수소의 할로겐화 유도체
290371,2903,사각지대(수집필요),탄화수소의 할로겐화 유도체,탄화수소의 할로겐화 유도체
290372,2903,사각지대(수집필요),탄화수소의 할로겐화 유도체,탄화수소의 할로겐화 유도체
290373,2903,사각지대(수집필요),탄화수소의 할로겐화 유도체,탄화수소의 할로겐화 유도체
290374,2903,사각지대(수집필요),탄화수소의 할로겐화 유도체,탄화수소의 할로겐화 유도체
290376,2903,사각지대(15개월 거래0),탄화수소의 할로겐화 유도체,탄화수소의 할로겐화 유도체
290377,2903,사각지대(수집필요),탄화수소의 할로겐화 유도체,탄화수소의 할로겐화 유도체
290378,2903,사각지대(수집필요),탄화수소의 할로겐화 유도체,탄화수소의 할로겐화 유도체
290379,2903,사각지대(수집필요),탄화수소의 할로겐화 유도체,탄화수소의 할로겐화 유도체
290381,2903,사각지대(수집필요),탄화수소의 할로겐화 유도체,탄화수소의 할로겐화 유도체
290382,2903,사각지대(수집필요),탄화수소의 할로겐화 유도체,탄화수소의 할로겐화 유도체
290383,2903,사각지대(수집필요),탄화수소의 할로겐화 유도체,탄화수소의 할로겐화 유도체
290389,2903,사각지대(수집필요),기타,탄화수소의 할로겐화 유도체
290391,2903,사각지대(수집필요),탄화수소의 할로겐화 유도체,탄화수소의 할로겐화 유도체
290392,2903,사각지대(수집필요),탄화수소의 할로겐화 유도체,탄화수소의 할로겐화 유도체
290393,2903,사각지대(수집필요),탄화수소의 할로겐화 유도체,탄화수소의 할로겐화 유도체
290399,2903,사각지대(수집필요),기타,탄화수소의 할로겐화 유도체
290410,2904,52HS4(수집완료),탄화수소의 술폰화유도체ㆍ니트로화유도체나 니트로소화유도체(할로겐화된 것인지에 상관없다),탄화수소의 술폰화유도체ㆍ니트로화유도체나 니트로소화유도체(할로겐화된 것인지에 상관없다)
290420,2904,52HS4(수집완료),니트로나 니트로소화 유도체,탄화수소의 술폰화유도체ㆍ니트로화유도체나 니트로소화유도체(할로겐화된 것인지에 상관없다)
290431,2904,52HS4(수집완료),탄화수소의 술폰화유도체ㆍ니트로화유도체나 니트로소화유도체(할로겐화된 것인지에 상관없다),탄화수소의 술폰화유도체ㆍ니트로화유도체나 니트로소화유도체(할로겐화된 것인지에 상관없다)
290433,2904,52HS4(수집완료),탄화수소의 술폰화유도체ㆍ니트로화유도체나 니트로소화유도체(할로겐화된 것인지에 상관없다),탄화수소의 술폰화유도체ㆍ니트로화유도체나 니트로소화유도체(할로겐화된 것인지에 상관없다)
290434,2904,52HS4(수집완료),탄화수소의 술폰화유도체ㆍ니트로화유도체나 니트로소화유도체(할로겐화된 것인지에 상관없다),탄화수소의 술폰화유도체ㆍ니트로화유도체나 니트로소화유도체(할로겐화된 것인지에 상관없다)
290435,2904,52HS4(수집완료),탄화수소의 술폰화유도체ㆍ니트로화유도체나 니트로소화유도체(할로겐화된 것인지에 상관없다),탄화수소의 술폰화유도체ㆍ니트로화유도체나 니트로소화유도체(할로겐화된 것인지에 상관없다)
290499,2904,52HS4(수집완료),탄화수소의 술폰화유도체ㆍ니트로화유도체나 니트로소화유도체(할로겐화된 것인지에 상관없다),탄화수소의 술폰화유도체ㆍ니트로화유도체나 니트로소화유도체(할로겐화된 것인지에 상관없다)
290911,2909,사각지대(수집필요),에테르ㆍ에테르알코올ㆍ에테르페놀ㆍ에테르알코올페놀ㆍ과산화알코올ㆍ과산화에테르ㆍ과산화아세탈과 과산화헤미아세탈ㆍ과산화케톤(화학적으로 단일한 것인지에 상관없다)과 이들의 할로겐화유도체ㆍ술폰화유도체ㆍ니트로화유도체ㆍ니트로소화유도체,에테르ㆍ에테르알코올ㆍ에테르페놀ㆍ에테르알코올페놀ㆍ과산화알코올ㆍ과산화에테르ㆍ과산화아세탈과 과산화헤미아세탈ㆍ과산화케톤(화학적으로 단일한 것인지에 상관없다)과 이들의 할로겐화유도체ㆍ술폰화유도체ㆍ니트로화유도체ㆍ니트로소화유도체
290919,2909,기존379(수집완료),기타,에테르ㆍ에테르알코올ㆍ에테르페놀ㆍ에테르알코올페놀ㆍ과산화알코올ㆍ과산화에테르ㆍ과산화아세탈과 과산화헤미아세탈ㆍ과산화케톤(화학적으로 단일한 것인지에 상관없다)과 이들의 할로겐화유도체ㆍ술폰화유도체ㆍ니트로화유도체ㆍ니트로소화유도체
290920,2909,사각지대(수집필요),에테르ㆍ에테르알코올ㆍ에테르페놀ㆍ에테르알코올페놀ㆍ과산화알코올ㆍ과산화에테르ㆍ과산화아세탈과 과산화헤미아세탈ㆍ과산화케톤(화학적으로 단일한 것인지에 상관없다)과 이들의 할로겐화유도체ㆍ술폰화유도체ㆍ니트로화유도체ㆍ니트로소화유도체,에테르ㆍ에테르알코올ㆍ에테르페놀ㆍ에테르알코올페놀ㆍ과산화알코올ㆍ과산화에테르ㆍ과산화아세탈과 과산화헤미아세탈ㆍ과산화케톤(화학적으로 단일한 것인지에 상관없다)과 이들의 할로겐화유도체ㆍ술폰화유도체ㆍ니트로화유도체ㆍ니트로소화유도체
290930,2909,사각지대(수집필요),방향족(芳香族)에테르와 이들의 할로겐화유도체ㆍ술폰화유도체ㆍ니트로화유도체ㆍ니트로소화유도체,에테르ㆍ에테르알코올ㆍ에테르페놀ㆍ에테르알코올페놀ㆍ과산화알코올ㆍ과산화에테르ㆍ과산화아세탈과 과산화헤미아세탈ㆍ과산화케톤(화학적으로 단일한 것인지에 상관없다)과 이들의 할로겐화유도체ㆍ술폰화유도체ㆍ니트로화유도체ㆍ니트로소화유도체
290941,2909,사각지대(수집필요),에테르ㆍ에테르알코올ㆍ에테르페놀ㆍ에테르알코올페놀ㆍ과산화알코올ㆍ과산화에테르ㆍ과산화아세탈과 과산화헤미아세탈ㆍ과산화케톤(화학적으로 단일한 것인지에 상관없다)과 이들의 할로겐화유도체ㆍ술폰화유도체ㆍ니트로화유도체ㆍ니트로소화유도체,에테르ㆍ에테르알코올ㆍ에테르페놀ㆍ에테르알코올페놀ㆍ과산화알코올ㆍ과산화에테르ㆍ과산화아세탈과 과산화헤미아세탈ㆍ과산화케톤(화학적으로 단일한 것인지에 상관없다)과 이들의 할로겐화유도체ㆍ술폰화유도체ㆍ니트로화유도체ㆍ니트로소화유도체
290943,2909,사각지대(수집필요),에테르ㆍ에테르알코올ㆍ에테르페놀ㆍ에테르알코올페놀ㆍ과산화알코올ㆍ과산화에테르ㆍ과산화아세탈과 과산화헤미아세탈ㆍ과산화케톤(화학적으로 단일한 것인지에 상관없다)과 이들의 할로겐화유도체ㆍ술폰화유도체ㆍ니트로화유도체ㆍ니트로소화유도체,에테르ㆍ에테르알코올ㆍ에테르페놀ㆍ에테르알코올페놀ㆍ과산화알코올ㆍ과산화에테르ㆍ과산화아세탈과 과산화헤미아세탈ㆍ과산화케톤(화학적으로 단일한 것인지에 상관없다)과 이들의 할로겐화유도체ㆍ술폰화유도체ㆍ니트로화유도체ㆍ니트로소화유도체
290944,2909,사각지대(수집필요),에틸렌글리콜의 그 밖의 모노알킬에테르와 디에틸렌글리콜의 그 밖의 모노알킬에테르,에테르ㆍ에테르알코올ㆍ에테르페놀ㆍ에테르알코올페놀ㆍ과산화알코올ㆍ과산화에테르ㆍ과산화아세탈과 과산화헤미아세탈ㆍ과산화케톤(화학적으로 단일한 것인지에 상관없다)과 이들의 할로겐화유도체ㆍ술폰화유도체ㆍ니트로화유도체ㆍ니트로소화유도체
290949,2909,사각지대(수집필요),기타,에테르ㆍ에테르알코올ㆍ에테르페놀ㆍ에테르알코올페놀ㆍ과산화알코올ㆍ과산화에테르ㆍ과산화아세탈과 과산화헤미아세탈ㆍ과산화케톤(화학적으로 단일한 것인지에 상관없다)과 이들의 할로겐화유도체ㆍ술폰화유도체ㆍ니트로화유도체ㆍ니트로소화유도체
290950,2909,사각지대(수집필요),에테르ㆍ에테르알코올ㆍ에테르페놀ㆍ에테르알코올페놀ㆍ과산화알코올ㆍ과산화에테르ㆍ과산화아세탈과 과산화헤미아세탈ㆍ과산화케톤(화학적으로 단일한 것인지에 상관없다)과 이들의 할로겐화유도체ㆍ술폰화유도체ㆍ니트로화유도체ㆍ니트로소화유도체,에테르ㆍ에테르알코올ㆍ에테르페놀ㆍ에테르알코올페놀ㆍ과산화알코올ㆍ과산화에테르ㆍ과산화아세탈과 과산화헤미아세탈ㆍ과산화케톤(화학적으로 단일한 것인지에 상관없다)과 이들의 할로겐화유도체ㆍ술폰화유도체ㆍ니트로화유도체ㆍ니트로소화유도체
290960,2909,사각지대(수집필요),과산화알코올ㆍ과산화에테르ㆍ과산화아세탈과 과산화헤미아세탈ㆍ과산화케톤과 이들의 할로겐화유도체ㆍ술폰화유도체ㆍ니트로화유도체ㆍ니트로소화유도체,에테르ㆍ에테르알코올ㆍ에테르페놀ㆍ에테르알코올페놀ㆍ과산화알코올ㆍ과산화에테르ㆍ과산화아세탈과 과산화헤미아세탈ㆍ과산화케톤(화학적으로 단일한 것인지에 상관없다)과 이들의 할로겐화유도체ㆍ술폰화유도체ㆍ니트로화유도체ㆍ니트로소화유도체
291010,2910,52HS4(수집완료),3원고리의 에폭시드ㆍ에폭시알코올ㆍ에폭시페놀ㆍ에폭시에테르와 이들의 할로겐화유도체ㆍ술폰화유도체ㆍ니트로화유도체ㆍ니트로소화유도체,3원고리의 에폭시드ㆍ에폭시알코올ㆍ에폭시페놀ㆍ에폭시에테르와 이들의 할로겐화유도체ㆍ술폰화유도체ㆍ니트로화유도체ㆍ니트로소화유도체
291020,2910,52HS4(수집완료),3원고리의 에폭시드ㆍ에폭시알코올ㆍ에폭시페놀ㆍ에폭시에테르와 이들의 할로겐화유도체ㆍ술폰화유도체ㆍ니트로화유도체ㆍ니트로소화유도체,3원고리의 에폭시드ㆍ에폭시알코올ㆍ에폭시페놀ㆍ에폭시에테르와 이들의 할로겐화유도체ㆍ술폰화유도체ㆍ니트로화유도체ㆍ니트로소화유도체
291030,2910,52HS4(수집완료),3원고리의 에폭시드ㆍ에폭시알코올ㆍ에폭시페놀ㆍ에폭시에테르와 이들의 할로겐화유도체ㆍ술폰화유도체ㆍ니트로화유도체ㆍ니트로소화유도체,3원고리의 에폭시드ㆍ에폭시알코올ㆍ에폭시페놀ㆍ에폭시에테르와 이들의 할로겐화유도체ㆍ술폰화유도체ㆍ니트로화유도체ㆍ니트로소화유도체
291040,2910,52HS4(수집완료),3원고리의 에폭시드ㆍ에폭시알코올ㆍ에폭시페놀ㆍ에폭시에테르와 이들의 할로겐화유도체ㆍ술폰화유도체ㆍ니트로화유도체ㆍ니트로소화유도체,3원고리의 에폭시드ㆍ에폭시알코올ㆍ에폭시페놀ㆍ에폭시에테르와 이들의 할로겐화유도체ㆍ술폰화유도체ㆍ니트로화유도체ㆍ니트로소화유도체
291050,2910,52HS4(수집완료),3원고리의 에폭시드ㆍ에폭시알코올ㆍ에폭시페놀ㆍ에폭시에테르와 이들의 할로겐화유도체ㆍ술폰화유도체ㆍ니트로화유도체ㆍ니트로소화유도체,3원고리의 에폭시드ㆍ에폭시알코올ㆍ에폭시페놀ㆍ에폭시에테르와 이들의 할로겐화유도체ㆍ술폰화유도체ㆍ니트로화유도체ㆍ니트로소화유도체
291090,2910,52HS4(수집완료),3원고리의 에폭시드ㆍ에폭시알코올ㆍ에폭시페놀ㆍ에폭시에테르와 이들의 할로겐화유도체ㆍ술폰화유도체ㆍ니트로화유도체ㆍ니트로소화유도체,3원고리의 에폭시드ㆍ에폭시알코올ㆍ에폭시페놀ㆍ에폭시에테르와 이들의 할로겐화유도체ㆍ술폰화유도체ㆍ니트로화유도체ㆍ니트로소화유도체
291100,2911,52HS4(수집완료),아세탈ㆍ헤미아세탈(그 밖의 산소관능 결합을 한 것인지에 상관없다)과 이들의 할로겐화유도체ㆍ술폰화유도체ㆍ니트로화유도체ㆍ니트로소화유도체,아세탈ㆍ헤미아세탈(그 밖의 산소관능 결합을 한 것인지에 상관없다)과 이들의 할로겐화유도체ㆍ술폰화유도체ㆍ니트로화유도체ㆍ니트로소화유도체
291211,2912,사각지대(수집필요),"알데히드(그 밖의 산소관능 결합을 한 것인지에 상관없다), 알데히드의 환식중합체, 파라포름알데히드","알데히드(그 밖의 산소관능 결합을 한 것인지에 상관없다), 알데히드의 환식중합체, 파라포름알데히드"
291212,2912,사각지대(수집필요),"알데히드(그 밖의 산소관능 결합을 한 것인지에 상관없다), 알데히드의 환식중합체, 파라포름알데히드","알데히드(그 밖의 산소관능 결합을 한 것인지에 상관없다), 알데히드의 환식중합체, 파라포름알데히드"
291219,2912,사각지대(수집필요),기타,"알데히드(그 밖의 산소관능 결합을 한 것인지에 상관없다), 알데히드의 환식중합체, 파라포름알데히드"
291221,2912,기존379(수집완료),"알데히드(그 밖의 산소관능 결합을 한 것인지에 상관없다), 알데히드의 환식중합체, 파라포름알데히드","알데히드(그 밖의 산소관능 결합을 한 것인지에 상관없다), 알데히드의 환식중합체, 파라포름알데히드"
291229,2912,기존379(수집완료),"알데히드(그 밖의 산소관능 결합을 한 것인지에 상관없다), 알데히드의 환식중합체, 파라포름알데히드","알데히드(그 밖의 산소관능 결합을 한 것인지에 상관없다), 알데히드의 환식중합체, 파라포름알데히드"
291241,2912,사각지대(수집필요),"알데히드(그 밖의 산소관능 결합을 한 것인지에 상관없다), 알데히드의 환식중합체, 파라포름알데히드","알데히드(그 밖의 산소관능 결합을 한 것인지에 상관없다), 알데히드의 환식중합체, 파라포름알데히드"
291242,2912,사각지대(수집필요),"알데히드(그 밖의 산소관능 결합을 한 것인지에 상관없다), 알데히드의 환식중합체, 파라포름알데히드","알데히드(그 밖의 산소관능 결합을 한 것인지에 상관없다), 알데히드의 환식중합체, 파라포름알데히드"
291249,2912,기존379(수집완료),"알데히드(그 밖의 산소관능 결합을 한 것인지에 상관없다), 알데히드의 환식중합체, 파라포름알데히드","알데히드(그 밖의 산소관능 결합을 한 것인지에 상관없다), 알데히드의 환식중합체, 파라포름알데히드"
291250,2912,사각지대(수집필요),"알데히드(그 밖의 산소관능 결합을 한 것인지에 상관없다), 알데히드의 환식중합체, 파라포름알데히드","알데히드(그 밖의 산소관능 결합을 한 것인지에 상관없다), 알데히드의 환식중합체, 파라포름알데히드"
291260,2912,사각지대(수집필요),"알데히드(그 밖의 산소관능 결합을 한 것인지에 상관없다), 알데히드의 환식중합체, 파라포름알데히드","알데히드(그 밖의 산소관능 결합을 한 것인지에 상관없다), 알데히드의 환식중합체, 파라포름알데히드"
291411,2914,사각지대(수집필요),케톤ㆍ퀴논(그 밖의 산소관능 결합을 한 것인지에 상관없다)과 이들의 할로겐화유도체ㆍ술폰화유도체ㆍ니트로화유도체ㆍ니트로소화유도체,케톤ㆍ퀴논(그 밖의 산소관능 결합을 한 것인지에 상관없다)과 이들의 할로겐화유도체ㆍ술폰화유도체ㆍ니트로화유도체ㆍ니트로소화유도체
291412,2914,기존379(수집완료),케톤ㆍ퀴논(그 밖의 산소관능 결합을 한 것인지에 상관없다)과 이들의 할로겐화유도체ㆍ술폰화유도체ㆍ니트로화유도체ㆍ니트로소화유도체,케톤ㆍ퀴논(그 밖의 산소관능 결합을 한 것인지에 상관없다)과 이들의 할로겐화유도체ㆍ술폰화유도체ㆍ니트로화유도체ㆍ니트로소화유도체
291413,2914,기존379(수집완료),케톤ㆍ퀴논(그 밖의 산소관능 결합을 한 것인지에 상관없다)과 이들의 할로겐화유도체ㆍ술폰화유도체ㆍ니트로화유도체ㆍ니트로소화유도체,케톤ㆍ퀴논(그 밖의 산소관능 결합을 한 것인지에 상관없다)과 이들의 할로겐화유도체ㆍ술폰화유도체ㆍ니트로화유도체ㆍ니트로소화유도체
291419,2914,사각지대(수집필요),케톤ㆍ퀴논(그 밖의 산소관능 결합을 한 것인지에 상관없다)과 이들의 할로겐화유도체ㆍ술폰화유도체ㆍ니트로화유도체ㆍ니트로소화유도체,케톤ㆍ퀴논(그 밖의 산소관능 결합을 한 것인지에 상관없다)과 이들의 할로겐화유도체ㆍ술폰화유도체ㆍ니트로화유도체ㆍ니트로소화유도체
291422,2914,기존379(수집완료),시클로헥사논과 메틸시클로헥사논,케톤ㆍ퀴논(그 밖의 산소관능 결합을 한 것인지에 상관없다)과 이들의 할로겐화유도체ㆍ술폰화유도체ㆍ니트로화유도체ㆍ니트로소화유도체
291423,2914,사각지대(수집필요),이오논과 메틸이오논,케톤ㆍ퀴논(그 밖의 산소관능 결합을 한 것인지에 상관없다)과 이들의 할로겐화유도체ㆍ술폰화유도체ㆍ니트로화유도체ㆍ니트로소화유도체
291429,2914,기존379(수집완료),기타,케톤ㆍ퀴논(그 밖의 산소관능 결합을 한 것인지에 상관없다)과 이들의 할로겐화유도체ㆍ술폰화유도체ㆍ니트로화유도체ㆍ니트로소화유도체
291431,2914,사각지대(수집필요),케톤ㆍ퀴논(그 밖의 산소관능 결합을 한 것인지에 상관없다)과 이들의 할로겐화유도체ㆍ술폰화유도체ㆍ니트로화유도체ㆍ니트로소화유도체,케톤ㆍ퀴논(그 밖의 산소관능 결합을 한 것인지에 상관없다)과 이들의 할로겐화유도체ㆍ술폰화유도체ㆍ니트로화유도체ㆍ니트로소화유도체
291439,2914,기존379(수집완료),케톤ㆍ퀴논(그 밖의 산소관능 결합을 한 것인지에 상관없다)과 이들의 할로겐화유도체ㆍ술폰화유도체ㆍ니트로화유도체ㆍ니트로소화유도체,케톤ㆍ퀴논(그 밖의 산소관능 결합을 한 것인지에 상관없다)과 이들의 할로겐화유도체ㆍ술폰화유도체ㆍ니트로화유도체ㆍ니트로소화유도체
291440,2914,기존379(수집완료),케톤-알코올과 케톤-알데히드,케톤ㆍ퀴논(그 밖의 산소관능 결합을 한 것인지에 상관없다)과 이들의 할로겐화유도체ㆍ술폰화유도체ㆍ니트로화유도체ㆍ니트로소화유도체
291450,2914,기존379(수집완료),케톤-페놀과 그 밖의 산소관능 케톤,케톤ㆍ퀴논(그 밖의 산소관능 결합을 한 것인지에 상관없다)과 이들의 할로겐화유도체ㆍ술폰화유도체ㆍ니트로화유도체ㆍ니트로소화유도체
291461,2914,사각지대(수집필요),케톤ㆍ퀴논(그 밖의 산소관능 결합을 한 것인지에 상관없다)과 이들의 할로겐화유도체ㆍ술폰화유도체ㆍ니트로화유도체ㆍ니트로소화유도체,케톤ㆍ퀴논(그 밖의 산소관능 결합을 한 것인지에 상관없다)과 이들의 할로겐화유도체ㆍ술폰화유도체ㆍ니트로화유도체ㆍ니트로소화유도체
291462,2914,사각지대(수집필요),케톤ㆍ퀴논(그 밖의 산소관능 결합을 한 것인지에 상관없다)과 이들의 할로겐화유도체ㆍ술폰화유도체ㆍ니트로화유도체ㆍ니트로소화유도체,케톤ㆍ퀴논(그 밖의 산소관능 결합을 한 것인지에 상관없다)과 이들의 할로겐화유도체ㆍ술폰화유도체ㆍ니트로화유도체ㆍ니트로소화유도체
291469,2914,기존379(수집완료),기타,케톤ㆍ퀴논(그 밖의 산소관능 결합을 한 것인지에 상관없다)과 이들의 할로겐화유도체ㆍ술폰화유도체ㆍ니트로화유도체ㆍ니트로소화유도체
291471,2914,사각지대(수집필요),케톤ㆍ퀴논(그 밖의 산소관능 결합을 한 것인지에 상관없다)과 이들의 할로겐화유도체ㆍ술폰화유도체ㆍ니트로화유도체ㆍ니트로소화유도체,케톤ㆍ퀴논(그 밖의 산소관능 결합을 한 것인지에 상관없다)과 이들의 할로겐화유도체ㆍ술폰화유도체ㆍ니트로화유도체ㆍ니트로소화유도체
291479,2914,기존379(수집완료),기타,케톤ㆍ퀴논(그 밖의 산소관능 결합을 한 것인지에 상관없다)과 이들의 할로겐화유도체ㆍ술폰화유도체ㆍ니트로화유도체ㆍ니트로소화유도체
291511,2915,사각지대(수집필요),"포화비환식모노카르복시산과 이들의 무수물(無水物)ㆍ할로겐화물ㆍ과산화물ㆍ과산화산, 이들의 할로겐화유도체ㆍ술폰화유도체ㆍ니트로화유도체ㆍ니트로소화유도체","포화비환식모노카르복시산과 이들의 무수물(無水物)ㆍ할로겐화물ㆍ과산화물ㆍ과산화산, 이들의 할로겐화유도체ㆍ술폰화유도체ㆍ니트로화유도체ㆍ니트로소화유도체"
291512,2915,사각지대(수집필요),포름산의 염,"포화비환식모노카르복시산과 이들의 무수물(無水物)ㆍ할로겐화물ㆍ과산화물ㆍ과산화산, 이들의 할로겐화유도체ㆍ술폰화유도체ㆍ니트로화유도체ㆍ니트로소화유도체"
291513,2915,사각지대(수집필요),"포화비환식모노카르복시산과 이들의 무수물(無水物)ㆍ할로겐화물ㆍ과산화물ㆍ과산화산, 이들의 할로겐화유도체ㆍ술폰화유도체ㆍ니트로화유도체ㆍ니트로소화유도체","포화비환식모노카르복시산과 이들의 무수물(無水物)ㆍ할로겐화물ㆍ과산화물ㆍ과산화산, 이들의 할로겐화유도체ㆍ술폰화유도체ㆍ니트로화유도체ㆍ니트로소화유도체"
291521,2915,기존379(수집완료),"포화비환식모노카르복시산과 이들의 무수물(無水物)ㆍ할로겐화물ㆍ과산화물ㆍ과산화산, 이들의 할로겐화유도체ㆍ술폰화유도체ㆍ니트로화유도체ㆍ니트로소화유도체","포화비환식모노카르복시산과 이들의 무수물(無水物)ㆍ할로겐화물ㆍ과산화물ㆍ과산화산, 이들의 할로겐화유도체ㆍ술폰화유도체ㆍ니트로화유도체ㆍ니트로소화유도체"
291524,2915,사각지대(수집필요),"포화비환식모노카르복시산과 이들의 무수물(無水物)ㆍ할로겐화물ㆍ과산화물ㆍ과산화산, 이들의 할로겐화유도체ㆍ술폰화유도체ㆍ니트로화유도체ㆍ니트로소화유도체","포화비환식모노카르복시산과 이들의 무수물(無水物)ㆍ할로겐화물ㆍ과산화물ㆍ과산화산, 이들의 할로겐화유도체ㆍ술폰화유도체ㆍ니트로화유도체ㆍ니트로소화유도체"
291529,2915,사각지대(수집필요),기타,"포화비환식모노카르복시산과 이들의 무수물(無水物)ㆍ할로겐화물ㆍ과산화물ㆍ과산화산, 이들의 할로겐화유도체ㆍ술폰화유도체ㆍ니트로화유도체ㆍ니트로소화유도체"
291531,2915,기존379(수집완료),"포화비환식모노카르복시산과 이들의 무수물(無水物)ㆍ할로겐화물ㆍ과산화물ㆍ과산화산, 이들의 할로겐화유도체ㆍ술폰화유도체ㆍ니트로화유도체ㆍ니트로소화유도체","포화비환식모노카르복시산과 이들의 무수물(無水物)ㆍ할로겐화물ㆍ과산화물ㆍ과산화산, 이들의 할로겐화유도체ㆍ술폰화유도체ㆍ니트로화유도체ㆍ니트로소화유도체"
291532,2915,사각지대(수집필요),"포화비환식모노카르복시산과 이들의 무수물(無水物)ㆍ할로겐화물ㆍ과산화물ㆍ과산화산, 이들의 할로겐화유도체ㆍ술폰화유도체ㆍ니트로화유도체ㆍ니트로소화유도체","포화비환식모노카르복시산과 이들의 무수물(無水物)ㆍ할로겐화물ㆍ과산화물ㆍ과산화산, 이들의 할로겐화유도체ㆍ술폰화유도체ㆍ니트로화유도체ㆍ니트로소화유도체"
291533,2915,사각지대(수집필요),초산노르말부틸,"포화비환식모노카르복시산과 이들의 무수물(無水物)ㆍ할로겐화물ㆍ과산화물ㆍ과산화산, 이들의 할로겐화유도체ㆍ술폰화유도체ㆍ니트로화유도체ㆍ니트로소화유도체"
291539,2915,사각지대(수집필요),기타,"포화비환식모노카르복시산과 이들의 무수물(無水物)ㆍ할로겐화물ㆍ과산화물ㆍ과산화산, 이들의 할로겐화유도체ㆍ술폰화유도체ㆍ니트로화유도체ㆍ니트로소화유도체"
291540,2915,사각지대(수집필요),"모노클로로 아세트산ㆍ디클로로 아세트산ㆍ트리클로로 아세트산, 이들의 염과 에스테르","포화비환식모노카르복시산과 이들의 무수물(無水物)ㆍ할로겐화물ㆍ과산화물ㆍ과산화산, 이들의 할로겐화유도체ㆍ술폰화유도체ㆍ니트로화유도체ㆍ니트로소화유도체"
291550,2915,사각지대(수집필요),"포화비환식모노카르복시산과 이들의 무수물(無水物)ㆍ할로겐화물ㆍ과산화물ㆍ과산화산, 이들의 할로겐화유도체ㆍ술폰화유도체ㆍ니트로화유도체ㆍ니트로소화유도체","포화비환식모노카르복시산과 이들의 무수물(無水物)ㆍ할로겐화물ㆍ과산화물ㆍ과산화산, 이들의 할로겐화유도체ㆍ술폰화유도체ㆍ니트로화유도체ㆍ니트로소화유도체"
291560,2915,사각지대(수집필요),"포화비환식모노카르복시산과 이들의 무수물(無水物)ㆍ할로겐화물ㆍ과산화물ㆍ과산화산, 이들의 할로겐화유도체ㆍ술폰화유도체ㆍ니트로화유도체ㆍ니트로소화유도체","포화비환식모노카르복시산과 이들의 무수물(無水物)ㆍ할로겐화물ㆍ과산화물ㆍ과산화산, 이들의 할로겐화유도체ㆍ술폰화유도체ㆍ니트로화유도체ㆍ니트로소화유도체"
291570,2915,사각지대(수집필요),"팔미트산ㆍ스테아르산, 이들의 염과 에스테르","포화비환식모노카르복시산과 이들의 무수물(無水物)ㆍ할로겐화물ㆍ과산화물ㆍ과산화산, 이들의 할로겐화유도체ㆍ술폰화유도체ㆍ니트로화유도체ㆍ니트로소화유도체"
291590,2915,사각지대(수집필요),기타,"포화비환식모노카르복시산과 이들의 무수물(無水物)ㆍ할로겐화물ㆍ과산화물ㆍ과산화산, 이들의 할로겐화유도체ㆍ술폰화유도체ㆍ니트로화유도체ㆍ니트로소화유도체"
291611,2916,사각지대(수집필요),아크릴산과 그 염,"불포화비환식모노카르복시산ㆍ환식모노카르복시산과 이들의 무수물(無水物)ㆍ할로겐화물ㆍ과산화물ㆍ과산화산, 이들의 할로겐화유도체ㆍ술폰화유도체ㆍ니트로화유도체ㆍ니트로소화유도체"
291612,2916,기존379(수집완료),아크릴산의 에스테르,"불포화비환식모노카르복시산ㆍ환식모노카르복시산과 이들의 무수물(無水物)ㆍ할로겐화물ㆍ과산화물ㆍ과산화산, 이들의 할로겐화유도체ㆍ술폰화유도체ㆍ니트로화유도체ㆍ니트로소화유도체"
291613,2916,사각지대(수집필요),메타아크릴산과 그 염,"불포화비환식모노카르복시산ㆍ환식모노카르복시산과 이들의 무수물(無水物)ㆍ할로겐화물ㆍ과산화물ㆍ과산화산, 이들의 할로겐화유도체ㆍ술폰화유도체ㆍ니트로화유도체ㆍ니트로소화유도체"
291614,2916,기존379(수집완료),메타아크릴산의 에스테르,"불포화비환식모노카르복시산ㆍ환식모노카르복시산과 이들의 무수물(無水物)ㆍ할로겐화물ㆍ과산화물ㆍ과산화산, 이들의 할로겐화유도체ㆍ술폰화유도체ㆍ니트로화유도체ㆍ니트로소화유도체"
291615,2916,사각지대(수집필요),"올레산ㆍ리놀레산ㆍ리놀렌산, 이들의 염과 에스테르","불포화비환식모노카르복시산ㆍ환식모노카르복시산과 이들의 무수물(無水物)ㆍ할로겐화물ㆍ과산화물ㆍ과산화산, 이들의 할로겐화유도체ㆍ술폰화유도체ㆍ니트로화유도체ㆍ니트로소화유도체"
291616,2916,사각지대(수집필요),"불포화비환식모노카르복시산ㆍ환식모노카르복시산과 이들의 무수물(無水物)ㆍ할로겐화물ㆍ과산화물ㆍ과산화산, 이들의 할로겐화유도체ㆍ술폰화유도체ㆍ니트로화유도체ㆍ니트로소화유도체","불포화비환식모노카르복시산ㆍ환식모노카르복시산과 이들의 무수물(無水物)ㆍ할로겐화물ㆍ과산화물ㆍ과산화산, 이들의 할로겐화유도체ㆍ술폰화유도체ㆍ니트로화유도체ㆍ니트로소화유도체"
291619,2916,기존379(수집완료),"불포화비환식모노카르복시산ㆍ환식모노카르복시산과 이들의 무수물(無水物)ㆍ할로겐화물ㆍ과산화물ㆍ과산화산, 이들의 할로겐화유도체ㆍ술폰화유도체ㆍ니트로화유도체ㆍ니트로소화유도체","불포화비환식모노카르복시산ㆍ환식모노카르복시산과 이들의 무수물(無水物)ㆍ할로겐화물ㆍ과산화물ㆍ과산화산, 이들의 할로겐화유도체ㆍ술폰화유도체ㆍ니트로화유도체ㆍ니트로소화유도체"
291620,2916,사각지대(수집필요),"포화지환식ㆍ불포화지환식ㆍ시클로테르펜모노카르복시산, 이들의 무수물(無水物)ㆍ할로겐화물ㆍ과산화물ㆍ과산화산, 이들의 유도체","불포화비환식모노카르복시산ㆍ환식모노카르복시산과 이들의 무수물(無水物)ㆍ할로겐화물ㆍ과산화물ㆍ과산화산, 이들의 할로겐화유도체ㆍ술폰화유도체ㆍ니트로화유도체ㆍ니트로소화유도체"
291631,2916,기존379(수집완료),"벤조산, 그 염과 에스테르","불포화비환식모노카르복시산ㆍ환식모노카르복시산과 이들의 무수물(無水物)ㆍ할로겐화물ㆍ과산화물ㆍ과산화산, 이들의 할로겐화유도체ㆍ술폰화유도체ㆍ니트로화유도체ㆍ니트로소화유도체"
291632,2916,사각지대(수집필요),과산화벤조일과 염화벤조일,"불포화비환식모노카르복시산ㆍ환식모노카르복시산과 이들의 무수물(無水物)ㆍ할로겐화물ㆍ과산화물ㆍ과산화산, 이들의 할로겐화유도체ㆍ술폰화유도체ㆍ니트로화유도체ㆍ니트로소화유도체"
291634,2916,사각지대(수집필요),"불포화비환식모노카르복시산ㆍ환식모노카르복시산과 이들의 무수물(無水物)ㆍ할로겐화물ㆍ과산화물ㆍ과산화산, 이들의 할로겐화유도체ㆍ술폰화유도체ㆍ니트로화유도체ㆍ니트로소화유도체","불포화비환식모노카르복시산ㆍ환식모노카르복시산과 이들의 무수물(無水物)ㆍ할로겐화물ㆍ과산화물ㆍ과산화산, 이들의 할로겐화유도체ㆍ술폰화유도체ㆍ니트로화유도체ㆍ니트로소화유도체"
291639,2916,기존379(수집완료),기타,"불포화비환식모노카르복시산ㆍ환식모노카르복시산과 이들의 무수물(無水物)ㆍ할로겐화물ㆍ과산화물ㆍ과산화산, 이들의 할로겐화유도체ㆍ술폰화유도체ㆍ니트로화유도체ㆍ니트로소화유도체"
291711,2917,사각지대(수집필요),"옥살산, 그 염과 에스테르","폴리카르복시산과 이들의 무수물(無水物)ㆍ할로겐화물ㆍ과산화물ㆍ과산화산, 이들의 할로겐화유도체ㆍ술폰화유도체ㆍ니트로화유도체ㆍ니트로소화유도체"
291712,2917,기존379(수집완료),"아디프산, 그 염과 에스테르","폴리카르복시산과 이들의 무수물(無水物)ㆍ할로겐화물ㆍ과산화물ㆍ과산화산, 이들의 할로겐화유도체ㆍ술폰화유도체ㆍ니트로화유도체ㆍ니트로소화유도체"
291713,2917,사각지대(수집필요),"아젤라산ㆍ세바스산, 이들의 염과 에스테르","폴리카르복시산과 이들의 무수물(無水物)ㆍ할로겐화물ㆍ과산화물ㆍ과산화산, 이들의 할로겐화유도체ㆍ술폰화유도체ㆍ니트로화유도체ㆍ니트로소화유도체"
291714,2917,사각지대(수집필요),"폴리카르복시산과 이들의 무수물(無水物)ㆍ할로겐화물ㆍ과산화물ㆍ과산화산, 이들의 할로겐화유도체ㆍ술폰화유도체ㆍ니트로화유도체ㆍ니트로소화유도체","폴리카르복시산과 이들의 무수물(無水物)ㆍ할로겐화물ㆍ과산화물ㆍ과산화산, 이들의 할로겐화유도체ㆍ술폰화유도체ㆍ니트로화유도체ㆍ니트로소화유도체"
291719,2917,사각지대(수집필요),기타,"폴리카르복시산과 이들의 무수물(無水物)ㆍ할로겐화물ㆍ과산화물ㆍ과산화산, 이들의 할로겐화유도체ㆍ술폰화유도체ㆍ니트로화유도체ㆍ니트로소화유도체"
291720,2917,사각지대(수집필요),"폴리카르복시산과 이들의 무수물(無水物)ㆍ할로겐화물ㆍ과산화물ㆍ과산화산, 이들의 할로겐화유도체ㆍ술폰화유도체ㆍ니트로화유도체ㆍ니트로소화유도체","폴리카르복시산과 이들의 무수물(無水物)ㆍ할로겐화물ㆍ과산화물ㆍ과산화산, 이들의 할로겐화유도체ㆍ술폰화유도체ㆍ니트로화유도체ㆍ니트로소화유도체"
291732,2917,사각지대(수집필요),오르토프탈산디옥틸,"폴리카르복시산과 이들의 무수물(無水物)ㆍ할로겐화물ㆍ과산화물ㆍ과산화산, 이들의 할로겐화유도체ㆍ술폰화유도체ㆍ니트로화유도체ㆍ니트로소화유도체"
291733,2917,사각지대(수집필요),오르토프탈산디노닐과 오르토프탈산디데실,"폴리카르복시산과 이들의 무수물(無水物)ㆍ할로겐화물ㆍ과산화물ㆍ과산화산, 이들의 할로겐화유도체ㆍ술폰화유도체ㆍ니트로화유도체ㆍ니트로소화유도체"
291734,2917,사각지대(수집필요),그 밖의 오르토프탈산의 에스테르,"폴리카르복시산과 이들의 무수물(無水物)ㆍ할로겐화물ㆍ과산화물ㆍ과산화산, 이들의 할로겐화유도체ㆍ술폰화유도체ㆍ니트로화유도체ㆍ니트로소화유도체"
291735,2917,사각지대(수집필요),"폴리카르복시산과 이들의 무수물(無水物)ㆍ할로겐화물ㆍ과산화물ㆍ과산화산, 이들의 할로겐화유도체ㆍ술폰화유도체ㆍ니트로화유도체ㆍ니트로소화유도체","폴리카르복시산과 이들의 무수물(無水物)ㆍ할로겐화물ㆍ과산화물ㆍ과산화산, 이들의 할로겐화유도체ㆍ술폰화유도체ㆍ니트로화유도체ㆍ니트로소화유도체"
291736,2917,사각지대(수집필요),테레프탈산과 그 염,"폴리카르복시산과 이들의 무수물(無水物)ㆍ할로겐화물ㆍ과산화물ㆍ과산화산, 이들의 할로겐화유도체ㆍ술폰화유도체ㆍ니트로화유도체ㆍ니트로소화유도체"
291737,2917,사각지대(수집필요),"폴리카르복시산과 이들의 무수물(無水物)ㆍ할로겐화물ㆍ과산화물ㆍ과산화산, 이들의 할로겐화유도체ㆍ술폰화유도체ㆍ니트로화유도체ㆍ니트로소화유도체","폴리카르복시산과 이들의 무수물(無水物)ㆍ할로겐화물ㆍ과산화물ㆍ과산화산, 이들의 할로겐화유도체ㆍ술폰화유도체ㆍ니트로화유도체ㆍ니트로소화유도체"
291739,2917,기존379(수집완료),기타,"폴리카르복시산과 이들의 무수물(無水物)ㆍ할로겐화물ㆍ과산화물ㆍ과산화산, 이들의 할로겐화유도체ㆍ술폰화유도체ㆍ니트로화유도체ㆍ니트로소화유도체"
291811,2918,기존379(수집완료),"락트산, 그 염과 에스테르","추가 산소관능을 갖는 카르복시산과 이들의 무수물(無水物)ㆍ할로겐화물ㆍ과산화물ㆍ과산화산, 이들의 할로겐유도체ㆍ술폰화유도체ㆍ니트로화유도체ㆍ니트로소화유도체"
291812,2918,사각지대(수집필요),"추가 산소관능을 갖는 카르복시산과 이들의 무수물(無水物)ㆍ할로겐화물ㆍ과산화물ㆍ과산화산, 이들의 할로겐유도체ㆍ술폰화유도체ㆍ니트로화유도체ㆍ니트로소화유도체","추가 산소관능을 갖는 카르복시산과 이들의 무수물(無水物)ㆍ할로겐화물ㆍ과산화물ㆍ과산화산, 이들의 할로겐유도체ㆍ술폰화유도체ㆍ니트로화유도체ㆍ니트로소화유도체"
291813,2918,사각지대(수집필요),타르타르산의 염과 에스테르,"추가 산소관능을 갖는 카르복시산과 이들의 무수물(無水物)ㆍ할로겐화물ㆍ과산화물ㆍ과산화산, 이들의 할로겐유도체ㆍ술폰화유도체ㆍ니트로화유도체ㆍ니트로소화유도체"
291814,2918,기존379(수집완료),"추가 산소관능을 갖는 카르복시산과 이들의 무수물(無水物)ㆍ할로겐화물ㆍ과산화물ㆍ과산화산, 이들의 할로겐유도체ㆍ술폰화유도체ㆍ니트로화유도체ㆍ니트로소화유도체","추가 산소관능을 갖는 카르복시산과 이들의 무수물(無水物)ㆍ할로겐화물ㆍ과산화물ㆍ과산화산, 이들의 할로겐유도체ㆍ술폰화유도체ㆍ니트로화유도체ㆍ니트로소화유도체"
291815,2918,사각지대(수집필요),시트르산의 염과 에스테르,"추가 산소관능을 갖는 카르복시산과 이들의 무수물(無水物)ㆍ할로겐화물ㆍ과산화물ㆍ과산화산, 이들의 할로겐유도체ㆍ술폰화유도체ㆍ니트로화유도체ㆍ니트로소화유도체"
291816,2918,사각지대(수집필요),"글루콘산, 그 염과 에스테르","추가 산소관능을 갖는 카르복시산과 이들의 무수물(無水物)ㆍ할로겐화물ㆍ과산화물ㆍ과산화산, 이들의 할로겐유도체ㆍ술폰화유도체ㆍ니트로화유도체ㆍ니트로소화유도체"
291817,2918,사각지대(수집필요),"추가 산소관능을 갖는 카르복시산과 이들의 무수물(無水物)ㆍ할로겐화물ㆍ과산화물ㆍ과산화산, 이들의 할로겐유도체ㆍ술폰화유도체ㆍ니트로화유도체ㆍ니트로소화유도체","추가 산소관능을 갖는 카르복시산과 이들의 무수물(無水物)ㆍ할로겐화물ㆍ과산화물ㆍ과산화산, 이들의 할로겐유도체ㆍ술폰화유도체ㆍ니트로화유도체ㆍ니트로소화유도체"
291818,2918,사각지대(수집필요),"추가 산소관능을 갖는 카르복시산과 이들의 무수물(無水物)ㆍ할로겐화물ㆍ과산화물ㆍ과산화산, 이들의 할로겐유도체ㆍ술폰화유도체ㆍ니트로화유도체ㆍ니트로소화유도체","추가 산소관능을 갖는 카르복시산과 이들의 무수물(無水物)ㆍ할로겐화물ㆍ과산화물ㆍ과산화산, 이들의 할로겐유도체ㆍ술폰화유도체ㆍ니트로화유도체ㆍ니트로소화유도체"
291819,2918,기존379(수집완료),기타,"추가 산소관능을 갖는 카르복시산과 이들의 무수물(無水物)ㆍ할로겐화물ㆍ과산화물ㆍ과산화산, 이들의 할로겐유도체ㆍ술폰화유도체ㆍ니트로화유도체ㆍ니트로소화유도체"
291821,2918,사각지대(수집필요),"추가 산소관능을 갖는 카르복시산과 이들의 무수물(無水物)ㆍ할로겐화물ㆍ과산화물ㆍ과산화산, 이들의 할로겐유도체ㆍ술폰화유도체ㆍ니트로화유도체ㆍ니트로소화유도체","추가 산소관능을 갖는 카르복시산과 이들의 무수물(無水物)ㆍ할로겐화물ㆍ과산화물ㆍ과산화산, 이들의 할로겐유도체ㆍ술폰화유도체ㆍ니트로화유도체ㆍ니트로소화유도체"
291822,2918,사각지대(수집필요),"추가 산소관능을 갖는 카르복시산과 이들의 무수물(無水物)ㆍ할로겐화물ㆍ과산화물ㆍ과산화산, 이들의 할로겐유도체ㆍ술폰화유도체ㆍ니트로화유도체ㆍ니트로소화유도체","추가 산소관능을 갖는 카르복시산과 이들의 무수물(無水物)ㆍ할로겐화물ㆍ과산화물ㆍ과산화산, 이들의 할로겐유도체ㆍ술폰화유도체ㆍ니트로화유도체ㆍ니트로소화유도체"
291823,2918,사각지대(수집필요),그 밖의 살리실산의 에스테르와 이들의 염,"추가 산소관능을 갖는 카르복시산과 이들의 무수물(無水物)ㆍ할로겐화물ㆍ과산화물ㆍ과산화산, 이들의 할로겐유도체ㆍ술폰화유도체ㆍ니트로화유도체ㆍ니트로소화유도체"
291829,2918,사각지대(수집필요),기타,"추가 산소관능을 갖는 카르복시산과 이들의 무수물(無水物)ㆍ할로겐화물ㆍ과산화물ㆍ과산화산, 이들의 할로겐유도체ㆍ술폰화유도체ㆍ니트로화유도체ㆍ니트로소화유도체"
291830,2918,사각지대(수집필요),"알데히드ㆍ케톤관능기의 카르복시산(그 밖의 산소관능을 가지지 않은 것으로 한정한다), 이들의 무수물(無水物)ㆍ할로겐화물ㆍ과산화물ㆍ과산화산, 이들의 유도체","추가 산소관능을 갖는 카르복시산과 이들의 무수물(無水物)ㆍ할로겐화물ㆍ과산화물ㆍ과산화산, 이들의 할로겐유도체ㆍ술폰화유도체ㆍ니트로화유도체ㆍ니트로소화유도체"
291899,2918,사각지대(수집필요),기타,"추가 산소관능을 갖는 카르복시산과 이들의 무수물(無水物)ㆍ할로겐화물ㆍ과산화물ㆍ과산화산, 이들의 할로겐유도체ㆍ술폰화유도체ㆍ니트로화유도체ㆍ니트로소화유도체"
291910,2919,사각지대(15개월 거래0),"인산에스테르와 이들의 염(락토포스페이트를 포함한다), 이들의 할로겐화유도체ㆍ술폰화유도체ㆍ니트로화유도체ㆍ니트로소화유도체","인산에스테르와 이들의 염(락토포스페이트를 포함한다), 이들의 할로겐화유도체ㆍ술폰화유도체ㆍ니트로화유도체ㆍ니트로소화유도체"
291990,2919,기존379(수집완료),기타,"인산에스테르와 이들의 염(락토포스페이트를 포함한다), 이들의 할로겐화유도체ㆍ술폰화유도체ㆍ니트로화유도체ㆍ니트로소화유도체"
292011,2920,사각지대(수집필요),파라티온(ISO)과 파라티온-메틸(ISO)(메틸-파라티온),"그 밖의 비(非)금속 무기산의 에스테르(할로겐화수소의 에스테르는 제외한다)와 이들의 염, 이들의 할로겐화유도체ㆍ술폰화유도체ㆍ니트로화유도체ㆍ니트로소화유도체"
292019,2920,사각지대(수집필요),기타,"그 밖의 비(非)금속 무기산의 에스테르(할로겐화수소의 에스테르는 제외한다)와 이들의 염, 이들의 할로겐화유도체ㆍ술폰화유도체ㆍ니트로화유도체ㆍ니트로소화유도체"
292021,2920,사각지대(수집필요),"그 밖의 비(非)금속 무기산의 에스테르(할로겐화수소의 에스테르는 제외한다)와 이들의 염, 이들의 할로겐화유도체ㆍ술폰화유도체ㆍ니트로화유도체ㆍ니트로소화유도체","그 밖의 비(非)금속 무기산의 에스테르(할로겐화수소의 에스테르는 제외한다)와 이들의 염, 이들의 할로겐화유도체ㆍ술폰화유도체ㆍ니트로화유도체ㆍ니트로소화유도체"
292022,2920,사각지대(수집필요),"그 밖의 비(非)금속 무기산의 에스테르(할로겐화수소의 에스테르는 제외한다)와 이들의 염, 이들의 할로겐화유도체ㆍ술폰화유도체ㆍ니트로화유도체ㆍ니트로소화유도체","그 밖의 비(非)금속 무기산의 에스테르(할로겐화수소의 에스테르는 제외한다)와 이들의 염, 이들의 할로겐화유도체ㆍ술폰화유도체ㆍ니트로화유도체ㆍ니트로소화유도체"
292023,2920,사각지대(수집필요),"그 밖의 비(非)금속 무기산의 에스테르(할로겐화수소의 에스테르는 제외한다)와 이들의 염, 이들의 할로겐화유도체ㆍ술폰화유도체ㆍ니트로화유도체ㆍ니트로소화유도체","그 밖의 비(非)금속 무기산의 에스테르(할로겐화수소의 에스테르는 제외한다)와 이들의 염, 이들의 할로겐화유도체ㆍ술폰화유도체ㆍ니트로화유도체ㆍ니트로소화유도체"
292024,2920,사각지대(수집필요),"그 밖의 비(非)금속 무기산의 에스테르(할로겐화수소의 에스테르는 제외한다)와 이들의 염, 이들의 할로겐화유도체ㆍ술폰화유도체ㆍ니트로화유도체ㆍ니트로소화유도체","그 밖의 비(非)금속 무기산의 에스테르(할로겐화수소의 에스테르는 제외한다)와 이들의 염, 이들의 할로겐화유도체ㆍ술폰화유도체ㆍ니트로화유도체ㆍ니트로소화유도체"
292029,2920,사각지대(수집필요),"그 밖의 비(非)금속 무기산의 에스테르(할로겐화수소의 에스테르는 제외한다)와 이들의 염, 이들의 할로겐화유도체ㆍ술폰화유도체ㆍ니트로화유도체ㆍ니트로소화유도체","그 밖의 비(非)금속 무기산의 에스테르(할로겐화수소의 에스테르는 제외한다)와 이들의 염, 이들의 할로겐화유도체ㆍ술폰화유도체ㆍ니트로화유도체ㆍ니트로소화유도체"
292030,2920,사각지대(15개월 거래0),엔도설판(ISO),"그 밖의 비(非)금속 무기산의 에스테르(할로겐화수소의 에스테르는 제외한다)와 이들의 염, 이들의 할로겐화유도체ㆍ술폰화유도체ㆍ니트로화유도체ㆍ니트로소화유도체"
292090,2920,기존379(수집완료),기타,"그 밖의 비(非)금속 무기산의 에스테르(할로겐화수소의 에스테르는 제외한다)와 이들의 염, 이들의 할로겐화유도체ㆍ술폰화유도체ㆍ니트로화유도체ㆍ니트로소화유도체"
292111,2921,사각지대(수집필요),메틸아민ㆍ디메틸아민ㆍ트리메틸아민과 이들의 염,아민관능화합물
292112,2921,사각지대(수집필요),아민관능화합물,아민관능화합물
292113,2921,사각지대(수집필요),아민관능화합물,아민관능화합물
292114,2921,사각지대(수집필요),아민관능화합물,아민관능화합물
292119,2921,사각지대(수집필요),기타,아민관능화합물
292121,2921,사각지대(수집필요),에틸렌디아민과 그 염,아민관능화합물
292122,2921,기존379(수집완료),헥사메틸렌디아민과 그 염,아민관능화합물
292129,2921,사각지대(수집필요),기타,아민관능화합물
292130,2921,사각지대(수집필요),"포화지환식아민ㆍ불포화지환식아민ㆍ시클로테르펜 모노아민ㆍ폴리아민과 이들의 유도체, 이들의 염",아민관능화합물
292141,2921,사각지대(수집필요),아닐린과 그 염,아민관능화합물
292142,2921,사각지대(수집필요),아닐린유도체와 이들의 염,아민관능화합물
292143,2921,사각지대(수집필요),"톨루이딘과 이들의 유도체, 이들의 염",아민관능화합물
292144,2921,기존379(수집완료),"디페닐아민과 그 유도체, 이들의 염",아민관능화합물
292145,2921,사각지대(수집필요),"1-나프틸아민(알파-나프틸아민),2-나프틸아민(베타-나프틸아민)과 이들의 유도체, 이들의 염",아민관능화합물
292146,2921,사각지대(수집필요),아민관능화합물,아민관능화합물
292149,2921,사각지대(수집필요),기타,아민관능화합물
292151,2921,사각지대(수집필요),"오르토-페닐렌디아민ㆍ메타-페닐렌디아민ㆍ파라-페닐렌디아민ㆍ디아미노톨루엔과 이들의 유도체, 이들의 염",아민관능화합물
292159,2921,사각지대(수집필요),기타,아민관능화합물
292211,2922,사각지대(수집필요),모노에탄올아민과 그 염,산소관능아미노화합물
292212,2922,사각지대(수집필요),디에탄올아민과 그 염,산소관능아미노화합물
292214,2922,사각지대(수집필요),산소관능아미노화합물,산소관능아미노화합물
292215,2922,사각지대(수집필요),산소관능아미노화합물,산소관능아미노화합물
292217,2922,사각지대(수집필요),메틸디에탄올아민과 에틸디에탄올아민,산소관능아미노화합물
292218,2922,사각지대(수집필요),산소관능아미노화합물,산소관능아미노화합물
292219,2922,사각지대(수집필요),기타,산소관능아미노화합물
292221,2922,사각지대(수집필요),아미노히드록시 나프탈렌술폰산과 이들의 염,산소관능아미노화합물
292229,2922,사각지대(수집필요),기타,산소관능아미노화합물
292231,2922,사각지대(수집필요),산소관능아미노화합물,산소관능아미노화합물
292239,2922,사각지대(수집필요),기타,산소관능아미노화합물
292241,2922,기존379(수집완료),"리신과 그 에스테르, 이들의 염",산소관능아미노화합물
292242,2922,기존379(수집완료),글루탐산과 그 염,산소관능아미노화합물
292243,2922,사각지대(수집필요),산소관능아미노화합물,산소관능아미노화합물
292249,2922,사각지대(수집필요),기타,산소관능아미노화합물
292250,2922,사각지대(수집필요),아미노-알코올페놀ㆍ아미노산페놀과 그 밖의 산소관능아미노화합물,산소관능아미노화합물
292310,2923,기존379(수집완료),콜린과 그 염,"제4암모늄염과 수산화 제4암모늄, 레시틴과 그 밖의 포스포아미노리피드(화학적으로 단일한 것인지에 상관없다)"
292320,2923,사각지대(수집필요),레시틴과 그 밖의 포스포아미노리피드,"제4암모늄염과 수산화 제4암모늄, 레시틴과 그 밖의 포스포아미노리피드(화학적으로 단일한 것인지에 상관없다)"
292330,2923,사각지대(수집필요),"제4암모늄염과 수산화 제4암모늄, 레시틴과 그 밖의 포스포아미노리피드(화학적으로 단일한 것인지에 상관없다)","제4암모늄염과 수산화 제4암모늄, 레시틴과 그 밖의 포스포아미노리피드(화학적으로 단일한 것인지에 상관없다)"
292390,2923,사각지대(수집필요),"제4암모늄염과 수산화 제4암모늄, 레시틴과 그 밖의 포스포아미노리피드(화학적으로 단일한 것인지에 상관없다)","제4암모늄염과 수산화 제4암모늄, 레시틴과 그 밖의 포스포아미노리피드(화학적으로 단일한 것인지에 상관없다)"
292411,2924,사각지대(수집필요),"카르복시 아미드관능화합물, 탄산의 아미드관능화합물","카르복시 아미드관능화합물, 탄산의 아미드관능화합물"
292412,2924,사각지대(수집필요),"카르복시 아미드관능화합물, 탄산의 아미드관능화합물","카르복시 아미드관능화합물, 탄산의 아미드관능화합물"
292419,2924,기존379(수집완료),기타,"카르복시 아미드관능화합물, 탄산의 아미드관능화합물"
292421,2924,사각지대(수집필요),"우레인과 이들의 유도체, 이들의 염","카르복시 아미드관능화합물, 탄산의 아미드관능화합물"
292423,2924,사각지대(수집필요),"카르복시 아미드관능화합물, 탄산의 아미드관능화합물","카르복시 아미드관능화합물, 탄산의 아미드관능화합물"
292425,2924,사각지대(수집필요),알라클로르(ISO),"카르복시 아미드관능화합물, 탄산의 아미드관능화합물"
292429,2924,기존379(수집완료),기타,"카르복시 아미드관능화합물, 탄산의 아미드관능화합물"
292610,2926,기존379(수집완료),니트릴관능화합물,니트릴관능화합물
292620,2926,사각지대(수집필요),니트릴관능화합물,니트릴관능화합물
292640,2926,사각지대(수집필요),니트릴관능화합물,니트릴관능화합물
292690,2926,기존379(수집완료),기타,니트릴관능화합물
292700,2927,기존379(수집완료),디아조화합물ㆍ아조화합물ㆍ아족시화합물,디아조화합물ㆍ아조화합물ㆍ아족시화합물
292800,2928,기존379(수집완료),히드라진ㆍ히드록실아민의 유기 유도체,히드라진ㆍ히드록실아민의 유기 유도체
292910,2929,기존379(수집완료),이소시아네이트,그 밖의 질소관능화합물
292990,2929,사각지대(수집필요),그 밖의 질소관능화합물,그 밖의 질소관능화합물
293010,2930,52HS4(수집완료),유기-황 화합물,유기-황 화합물
293020,2930,52HS4(수집완료),티오카르바메이트와 디티오카르바메이트,유기-황 화합물
293030,2930,52HS4(수집완료),티우람모노술파이드ㆍ티우람디술파이드ㆍ티우람테트라술파이드,유기-황 화합물
293040,2930,52HS4(수집완료),유기-황 화합물,유기-황 화합물
293070,2930,52HS4(수집완료),유기-황 화합물,유기-황 화합물
293090,2930,52HS4(수집완료),기타,유기-황 화합물
293120,2931,52HS4(수집완료),그 밖의 유기-무기화합물,그 밖의 유기-무기화합물
293141,2931,52HS4(수집완료),그 밖의 유기-무기화합물,그 밖의 유기-무기화합물
293144,2931,52HS4(수집완료),그 밖의 유기-무기화합물,그 밖의 유기-무기화합물
293145,2931,52HS4(수집완료),그 밖의 유기-무기화합물,그 밖의 유기-무기화합물
293146,2931,52HS4(수집완료),그 밖의 유기-무기화합물,그 밖의 유기-무기화합물
293148,2931,52HS4(수집완료),그 밖의 유기-무기화합물,그 밖의 유기-무기화합물
293149,2931,52HS4(수집완료),그 밖의 유기-무기화합물,그 밖의 유기-무기화합물
293154,2931,52HS4(수집완료),그 밖의 유기-무기화합물,그 밖의 유기-무기화합물
293159,2931,52HS4(수집완료),그 밖의 유기-무기화합물,그 밖의 유기-무기화합물
293190,2931,52HS4(수집완료),기타,그 밖의 유기-무기화합물
293211,2932,기존379(수집완료),산소 원자만을 함유한 헤테로고리 화합물,산소 원자만을 함유한 헤테로고리 화합물
293212,2932,사각지대(수집필요),산소 원자만을 함유한 헤테로고리 화합물,산소 원자만을 함유한 헤테로고리 화합물
293213,2932,사각지대(수집필요),"푸르푸릴 알코올, 테트라히드로 푸르푸릴 알코올",산소 원자만을 함유한 헤테로고리 화합물
293214,2932,사각지대(수집필요),산소 원자만을 함유한 헤테로고리 화합물,산소 원자만을 함유한 헤테로고리 화합물
293219,2932,사각지대(수집필요),기타,산소 원자만을 함유한 헤테로고리 화합물
293220,2932,사각지대(수집필요),락톤,산소 원자만을 함유한 헤테로고리 화합물
293292,2932,사각지대(수집필요),산소 원자만을 함유한 헤테로고리 화합물,산소 원자만을 함유한 헤테로고리 화합물
293293,2932,사각지대(수집필요),산소 원자만을 함유한 헤테로고리 화합물,산소 원자만을 함유한 헤테로고리 화합물
293294,2932,사각지대(수집필요),산소 원자만을 함유한 헤테로고리 화합물,산소 원자만을 함유한 헤테로고리 화합물
293295,2932,사각지대(수집필요),산소 원자만을 함유한 헤테로고리 화합물,산소 원자만을 함유한 헤테로고리 화합물
293296,2932,사각지대(수집필요),산소 원자만을 함유한 헤테로고리 화합물,산소 원자만을 함유한 헤테로고리 화합물
293299,2932,기존379(수집완료),기타,산소 원자만을 함유한 헤테로고리 화합물
293311,2933,52HS4(수집완료),페나존(안티피린)과 그 유도체,질소 원자만을 함유한 헤테로고리 화합물
293319,2933,52HS4(수집완료),기타,질소 원자만을 함유한 헤테로고리 화합물
293321,2933,52HS4(수집완료),히단토인과 그 유도체,질소 원자만을 함유한 헤테로고리 화합물
293329,2933,52HS4(수집완료),기타,질소 원자만을 함유한 헤테로고리 화합물
293331,2933,52HS4(수집완료),피리딘과 그 염,질소 원자만을 함유한 헤테로고리 화합물
293332,2933,52HS4(수집완료),피페리딘과 그 염,질소 원자만을 함유한 헤테로고리 화합물
293333,2933,52HS4(수집완료),질소 원자만을 함유한 헤테로고리 화합물,질소 원자만을 함유한 헤테로고리 화합물
293334,2933,52HS4(수집완료),질소 원자만을 함유한 헤테로고리 화합물,질소 원자만을 함유한 헤테로고리 화합물
293335,2933,52HS4(수집완료),질소 원자만을 함유한 헤테로고리 화합물,질소 원자만을 함유한 헤테로고리 화합물
293336,2933,52HS4(수집완료),질소 원자만을 함유한 헤테로고리 화합물,질소 원자만을 함유한 헤테로고리 화합물
293339,2933,52HS4(수집완료),기타,질소 원자만을 함유한 헤테로고리 화합물
293341,2933,52HS4(수집완료),질소 원자만을 함유한 헤테로고리 화합물,질소 원자만을 함유한 헤테로고리 화합물
293349,2933,52HS4(수집완료),기타,질소 원자만을 함유한 헤테로고리 화합물
293352,2933,52HS4(수집완료),질소 원자만을 함유한 헤테로고리 화합물,질소 원자만을 함유한 헤테로고리 화합물
293353,2933,52HS4(수집완료),질소 원자만을 함유한 헤테로고리 화합물,질소 원자만을 함유한 헤테로고리 화합물
293354,2933,52HS4(수집완료),질소 원자만을 함유한 헤테로고리 화합물,질소 원자만을 함유한 헤테로고리 화합물
293355,2933,52HS4(수집완료),질소 원자만을 함유한 헤테로고리 화합물,질소 원자만을 함유한 헤테로고리 화합물
293359,2933,52HS4(수집완료),기타,질소 원자만을 함유한 헤테로고리 화합물
293361,2933,52HS4(수집완료),질소 원자만을 함유한 헤테로고리 화합물,질소 원자만을 함유한 헤테로고리 화합물
293369,2933,52HS4(수집완료),기타,질소 원자만을 함유한 헤테로고리 화합물
293371,2933,52HS4(수집완료),질소 원자만을 함유한 헤테로고리 화합물,질소 원자만을 함유한 헤테로고리 화합물
293372,2933,52HS4(수집완료),질소 원자만을 함유한 헤테로고리 화합물,질소 원자만을 함유한 헤테로고리 화합물
293379,2933,52HS4(수집완료),그 밖의 락탐,질소 원자만을 함유한 헤테로고리 화합물
293391,2933,52HS4(수집완료),질소 원자만을 함유한 헤테로고리 화합물,질소 원자만을 함유한 헤테로고리 화합물
293392,2933,52HS4(수집완료),아진포스-메틸(ISO),질소 원자만을 함유한 헤테로고리 화합물
293399,2933,52HS4(수집완료),기타,질소 원자만을 함유한 헤테로고리 화합물
293410,2934,기존379(수집완료),붙지 않은 티아졸고리(수소를 첨가하였는지에 상관없다) 구조를 가지는 화합물,"핵산과 이들의 염(화학적으로 단일한 것인지에 상관없다), 그 밖의 헤테로고리 화합물"
293420,2934,사각지대(수집필요),벤조티아졸고리의 구조를 가지는 화합물(수소를 첨가하였는지에 상관없으며 고리가 더 이상 붙지 않은 것으로 한정한다),"핵산과 이들의 염(화학적으로 단일한 것인지에 상관없다), 그 밖의 헤테로고리 화합물"
293430,2934,사각지대(수집필요),페노티아진고리의 구조를 가지는 화합물(수소를 첨가하였는지에 상관없으며 고리가 더 이상 붙지 않은 것으로 한정한다),"핵산과 이들의 염(화학적으로 단일한 것인지에 상관없다), 그 밖의 헤테로고리 화합물"
293491,2934,사각지대(수집필요),"핵산과 이들의 염(화학적으로 단일한 것인지에 상관없다), 그 밖의 헤테로고리 화합물","핵산과 이들의 염(화학적으로 단일한 것인지에 상관없다), 그 밖의 헤테로고리 화합물"
293492,2934,사각지대(수집필요),"핵산과 이들의 염(화학적으로 단일한 것인지에 상관없다), 그 밖의 헤테로고리 화합물","핵산과 이들의 염(화학적으로 단일한 것인지에 상관없다), 그 밖의 헤테로고리 화합물"
293499,2934,사각지대(수집필요),기타,"핵산과 이들의 염(화학적으로 단일한 것인지에 상관없다), 그 밖의 헤테로고리 화합물"
293520,2935,사각지대(수집필요),술폰아미드,술폰아미드
293530,2935,사각지대(수집필요),술폰아미드,술폰아미드
293540,2935,사각지대(수집필요),술폰아미드,술폰아미드
293550,2935,사각지대(수집필요),술폰아미드,술폰아미드
293590,2935,기존379(수집완료),기타,술폰아미드
293621,2936,사각지대(수집필요),"프로비타민과 비타민(천연의 것과 이와 동일한 구조를 가지는 합성의 것으로 한정하며, 천연의 프로비타민 농축물과 비타민 농축물을 포함한다), 이들의 유도체로서 주로 비타민으로 사용하는 것과 이들의 상호 혼합물(용매에 용해하였는지에 상관없다)","프로비타민과 비타민(천연의 것과 이와 동일한 구조를 가지는 합성의 것으로 한정하며, 천연의 프로비타민 농축물과 비타민 농축물을 포함한다), 이들의 유도체로서 주로 비타민으로 사용하는 것과 이들의 상호 혼합물(용매에 용해하였는지에 상관없다)"
293622,2936,사각지대(수집필요),"프로비타민과 비타민(천연의 것과 이와 동일한 구조를 가지는 합성의 것으로 한정하며, 천연의 프로비타민 농축물과 비타민 농축물을 포함한다), 이들의 유도체로서 주로 비타민으로 사용하는 것과 이들의 상호 혼합물(용매에 용해하였는지에 상관없다)","프로비타민과 비타민(천연의 것과 이와 동일한 구조를 가지는 합성의 것으로 한정하며, 천연의 프로비타민 농축물과 비타민 농축물을 포함한다), 이들의 유도체로서 주로 비타민으로 사용하는 것과 이들의 상호 혼합물(용매에 용해하였는지에 상관없다)"
293623,2936,사각지대(수집필요),"프로비타민과 비타민(천연의 것과 이와 동일한 구조를 가지는 합성의 것으로 한정하며, 천연의 프로비타민 농축물과 비타민 농축물을 포함한다), 이들의 유도체로서 주로 비타민으로 사용하는 것과 이들의 상호 혼합물(용매에 용해하였는지에 상관없다)","프로비타민과 비타민(천연의 것과 이와 동일한 구조를 가지는 합성의 것으로 한정하며, 천연의 프로비타민 농축물과 비타민 농축물을 포함한다), 이들의 유도체로서 주로 비타민으로 사용하는 것과 이들의 상호 혼합물(용매에 용해하였는지에 상관없다)"
293624,2936,사각지대(수집필요),"프로비타민과 비타민(천연의 것과 이와 동일한 구조를 가지는 합성의 것으로 한정하며, 천연의 프로비타민 농축물과 비타민 농축물을 포함한다), 이들의 유도체로서 주로 비타민으로 사용하는 것과 이들의 상호 혼합물(용매에 용해하였는지에 상관없다)","프로비타민과 비타민(천연의 것과 이와 동일한 구조를 가지는 합성의 것으로 한정하며, 천연의 프로비타민 농축물과 비타민 농축물을 포함한다), 이들의 유도체로서 주로 비타민으로 사용하는 것과 이들의 상호 혼합물(용매에 용해하였는지에 상관없다)"
293625,2936,사각지대(수집필요),"프로비타민과 비타민(천연의 것과 이와 동일한 구조를 가지는 합성의 것으로 한정하며, 천연의 프로비타민 농축물과 비타민 농축물을 포함한다), 이들의 유도체로서 주로 비타민으로 사용하는 것과 이들의 상호 혼합물(용매에 용해하였는지에 상관없다)","프로비타민과 비타민(천연의 것과 이와 동일한 구조를 가지는 합성의 것으로 한정하며, 천연의 프로비타민 농축물과 비타민 농축물을 포함한다), 이들의 유도체로서 주로 비타민으로 사용하는 것과 이들의 상호 혼합물(용매에 용해하였는지에 상관없다)"
293626,2936,사각지대(수집필요),"프로비타민과 비타민(천연의 것과 이와 동일한 구조를 가지는 합성의 것으로 한정하며, 천연의 프로비타민 농축물과 비타민 농축물을 포함한다), 이들의 유도체로서 주로 비타민으로 사용하는 것과 이들의 상호 혼합물(용매에 용해하였는지에 상관없다)","프로비타민과 비타민(천연의 것과 이와 동일한 구조를 가지는 합성의 것으로 한정하며, 천연의 프로비타민 농축물과 비타민 농축물을 포함한다), 이들의 유도체로서 주로 비타민으로 사용하는 것과 이들의 상호 혼합물(용매에 용해하였는지에 상관없다)"
293627,2936,기존379(수집완료),비타민 C와 이들의 유도체,"프로비타민과 비타민(천연의 것과 이와 동일한 구조를 가지는 합성의 것으로 한정하며, 천연의 프로비타민 농축물과 비타민 농축물을 포함한다), 이들의 유도체로서 주로 비타민으로 사용하는 것과 이들의 상호 혼합물(용매에 용해하였는지에 상관없다)"
293628,2936,기존379(수집완료),비타민 E와 이들의 유도체,"프로비타민과 비타민(천연의 것과 이와 동일한 구조를 가지는 합성의 것으로 한정하며, 천연의 프로비타민 농축물과 비타민 농축물을 포함한다), 이들의 유도체로서 주로 비타민으로 사용하는 것과 이들의 상호 혼합물(용매에 용해하였는지에 상관없다)"
293629,2936,기존379(수집완료),그 밖의 비타민과 이들의 유도체,"프로비타민과 비타민(천연의 것과 이와 동일한 구조를 가지는 합성의 것으로 한정하며, 천연의 프로비타민 농축물과 비타민 농축물을 포함한다), 이들의 유도체로서 주로 비타민으로 사용하는 것과 이들의 상호 혼합물(용매에 용해하였는지에 상관없다)"
293690,2936,사각지대(수집필요),기타(천연의 프로비타민 농축물과 비타민 농축물을 포함한다),"프로비타민과 비타민(천연의 것과 이와 동일한 구조를 가지는 합성의 것으로 한정하며, 천연의 프로비타민 농축물과 비타민 농축물을 포함한다), 이들의 유도체로서 주로 비타민으로 사용하는 것과 이들의 상호 혼합물(용매에 용해하였는지에 상관없다)"
293810,2938,사각지대(수집필요),루토시드(루틴)와 그 유도체,"글리코시드(천연의 것과 이와 동일한 구조를 가지는 합성의 것으로 한정한다), 이들의 염ㆍ에테르ㆍ에스테르ㆍ그 밖의 유도체"
293890,2938,기존379(수집완료),기타,"글리코시드(천연의 것과 이와 동일한 구조를 가지는 합성의 것으로 한정한다), 이들의 염ㆍ에테르ㆍ에스테르ㆍ그 밖의 유도체"
294000,2940,기존379(수집완료),"당류(화학적으로 순수한 것으로 한정하며, 자당ㆍ유당ㆍ맥아당ㆍ포도당ㆍ과당은 제외한다), 당에테르ㆍ당아세탈ㆍ당에스테르와 이들의 염(제2937호ㆍ제2938호ㆍ제2939호의 물품은 제외한다)","당류(화학적으로 순수한 것으로 한정하며, 자당ㆍ유당ㆍ맥아당ㆍ포도당ㆍ과당은 제외한다), 당에테르ㆍ당아세탈ㆍ당에스테르와 이들의 염(제2937호ㆍ제2938호ㆍ제2939호의 물품은 제외한다)"
294110,2941,사각지대(수집필요),"페니실린과 페니실린산의 구조를 갖는 이들의 유도체, 이들의 염",항생물질
294120,2941,사각지대(수집필요),"스트렙토마이신과 이들의 유도체, 이들의 염",항생물질
294130,2941,기존379(수집완료),"테트라사이클린과 이들의 유도체, 이들의 염",항생물질
294140,2941,기존379(수집완료),항생물질,항생물질
294150,2941,기존379(수집완료),"에리즈로마이신과 그 유도체, 이들의 염",항생물질
294190,2941,사각지대(수집필요),기타,항생물질
294200,2942,52HS4(수집완료),그 밖의 유기화합물,그 밖의 유기화합물
300120,3001,사각지대(수집필요),선(腺)이나 그 밖의 기관의 추출물이나 이들의 분비물의 추출물,"장기(臟器) 요법용 선(腺)과 그 밖의 기관(건조한 것으로 한정하며, 가루로 된 것인지에 상관없다), 선(腺)과 그 밖의 기관이나 이들의 분비물의 추출물로서 장기(臟器) 요법용의 것, 헤파린과 그 염, 치료용ㆍ예방용으로 조제한 그 밖의 인체물질이나 동물의 물질로서 따로 분류되지 않은 것"
300190,3001,기존379(수집완료),기타,"장기(臟器) 요법용 선(腺)과 그 밖의 기관(건조한 것으로 한정하며, 가루로 된 것인지에 상관없다), 선(腺)과 그 밖의 기관이나 이들의 분비물의 추출물로서 장기(臟器) 요법용의 것, 헤파린과 그 염, 치료용ㆍ예방용으로 조제한 그 밖의 인체물질이나 동물의 물질로서 따로 분류되지 않은 것"
300310,3003,기존379(수집완료),"페니실린이나 이들의 유도체(페니실린산 구조를 가진 것으로 한정한다)를 함유한 것, 스트렙토마이신이나 이들의 유도체를 함유한 것","의약품(두 가지 이상의 성분을 혼합한 치료용이나 예방용의 것으로서 제3002호ㆍ제3005호ㆍ제3006호의 물품, 일정한 투여량으로 한 것, 소매용 모양이나 포장을 한 것은 제외한다)"
300320,3003,사각지대(수집필요),"의약품(두 가지 이상의 성분을 혼합한 치료용이나 예방용의 것으로서 제3002호ㆍ제3005호ㆍ제3006호의 물품, 일정한 투여량으로 한 것, 소매용 모양이나 포장을 한 것은 제외한다)","의약품(두 가지 이상의 성분을 혼합한 치료용이나 예방용의 것으로서 제3002호ㆍ제3005호ㆍ제3006호의 물품, 일정한 투여량으로 한 것, 소매용 모양이나 포장을 한 것은 제외한다)"
300331,3003,사각지대(수집필요),"의약품(두 가지 이상의 성분을 혼합한 치료용이나 예방용의 것으로서 제3002호ㆍ제3005호ㆍ제3006호의 물품, 일정한 투여량으로 한 것, 소매용 모양이나 포장을 한 것은 제외한다)","의약품(두 가지 이상의 성분을 혼합한 치료용이나 예방용의 것으로서 제3002호ㆍ제3005호ㆍ제3006호의 물품, 일정한 투여량으로 한 것, 소매용 모양이나 포장을 한 것은 제외한다)"
300339,3003,사각지대(수집필요),기타,"의약품(두 가지 이상의 성분을 혼합한 치료용이나 예방용의 것으로서 제3002호ㆍ제3005호ㆍ제3006호의 물품, 일정한 투여량으로 한 것, 소매용 모양이나 포장을 한 것은 제외한다)"
300342,3003,사각지대(15개월 거래0),"의약품(두 가지 이상의 성분을 혼합한 치료용이나 예방용의 것으로서 제3002호ㆍ제3005호ㆍ제3006호의 물품, 일정한 투여량으로 한 것, 소매용 모양이나 포장을 한 것은 제외한다)","의약품(두 가지 이상의 성분을 혼합한 치료용이나 예방용의 것으로서 제3002호ㆍ제3005호ㆍ제3006호의 물품, 일정한 투여량으로 한 것, 소매용 모양이나 포장을 한 것은 제외한다)"
300349,3003,사각지대(수집필요),"의약품(두 가지 이상의 성분을 혼합한 치료용이나 예방용의 것으로서 제3002호ㆍ제3005호ㆍ제3006호의 물품, 일정한 투여량으로 한 것, 소매용 모양이나 포장을 한 것은 제외한다)","의약품(두 가지 이상의 성분을 혼합한 치료용이나 예방용의 것으로서 제3002호ㆍ제3005호ㆍ제3006호의 물품, 일정한 투여량으로 한 것, 소매용 모양이나 포장을 한 것은 제외한다)"
300390,3003,사각지대(수집필요),기타,"의약품(두 가지 이상의 성분을 혼합한 치료용이나 예방용의 것으로서 제3002호ㆍ제3005호ㆍ제3006호의 물품, 일정한 투여량으로 한 것, 소매용 모양이나 포장을 한 것은 제외한다)"
310311,3103,기존379(수집완료),인산비료(광물성 비료나 화학비료로 한정한다),인산비료(광물성 비료나 화학비료로 한정한다)
310319,3103,사각지대(수집필요),인산비료(광물성 비료나 화학비료로 한정한다),인산비료(광물성 비료나 화학비료로 한정한다)
310390,3103,사각지대(수집필요),인산비료(광물성 비료나 화학비료로 한정한다),인산비료(광물성 비료나 화학비료로 한정한다)
310420,3104,기존379(수집완료),칼륨비료(광물성 비료나 화학비료로 한정한다),칼륨비료(광물성 비료나 화학비료로 한정한다)
310430,3104,사각지대(수집필요),황산칼륨,칼륨비료(광물성 비료나 화학비료로 한정한다)
310490,3104,사각지대(수집필요),기타,칼륨비료(광물성 비료나 화학비료로 한정한다)
310510,3105,사각지대(수집필요),"광물성 비료나 화학비료(비료의 필수요소인 질소ㆍ인ㆍ칼륨 중 두 가지나 세 가지를 함유하는 것으로 한정한다), 그 밖의 비료, 이 류에 열거한 물품을 태블릿(tablet) 모양이나 이와 유사한 모양으로 한 것이거나 용기를 포함한 한 개의 총중량이 10킬로그램 이하로 포장한 것","광물성 비료나 화학비료(비료의 필수요소인 질소ㆍ인ㆍ칼륨 중 두 가지나 세 가지를 함유하는 것으로 한정한다), 그 밖의 비료, 이 류에 열거한 물품을 태블릿(tablet) 모양이나 이와 유사한 모양으로 한 것이거나 용기를 포함한 한 개의 총중량이 10킬로그램 이하로 포장한 것"
310520,3105,사각지대(수집필요),"광물성 비료나 화학비료(비료의 필수요소인 질소ㆍ인ㆍ칼륨 중 두 가지나 세 가지를 함유하는 것으로 한정한다), 그 밖의 비료, 이 류에 열거한 물품을 태블릿(tablet) 모양이나 이와 유사한 모양으로 한 것이거나 용기를 포함한 한 개의 총중량이 10킬로그램 이하로 포장한 것","광물성 비료나 화학비료(비료의 필수요소인 질소ㆍ인ㆍ칼륨 중 두 가지나 세 가지를 함유하는 것으로 한정한다), 그 밖의 비료, 이 류에 열거한 물품을 태블릿(tablet) 모양이나 이와 유사한 모양으로 한 것이거나 용기를 포함한 한 개의 총중량이 10킬로그램 이하로 포장한 것"
310530,3105,기존379(수집완료),"광물성 비료나 화학비료(비료의 필수요소인 질소ㆍ인ㆍ칼륨 중 두 가지나 세 가지를 함유하는 것으로 한정한다), 그 밖의 비료, 이 류에 열거한 물품을 태블릿(tablet) 모양이나 이와 유사한 모양으로 한 것이거나 용기를 포함한 한 개의 총중량이 10킬로그램 이하로 포장한 것","광물성 비료나 화학비료(비료의 필수요소인 질소ㆍ인ㆍ칼륨 중 두 가지나 세 가지를 함유하는 것으로 한정한다), 그 밖의 비료, 이 류에 열거한 물품을 태블릿(tablet) 모양이나 이와 유사한 모양으로 한 것이거나 용기를 포함한 한 개의 총중량이 10킬로그램 이하로 포장한 것"
310540,3105,사각지대(수집필요),"광물성 비료나 화학비료(비료의 필수요소인 질소ㆍ인ㆍ칼륨 중 두 가지나 세 가지를 함유하는 것으로 한정한다), 그 밖의 비료, 이 류에 열거한 물품을 태블릿(tablet) 모양이나 이와 유사한 모양으로 한 것이거나 용기를 포함한 한 개의 총중량이 10킬로그램 이하로 포장한 것","광물성 비료나 화학비료(비료의 필수요소인 질소ㆍ인ㆍ칼륨 중 두 가지나 세 가지를 함유하는 것으로 한정한다), 그 밖의 비료, 이 류에 열거한 물품을 태블릿(tablet) 모양이나 이와 유사한 모양으로 한 것이거나 용기를 포함한 한 개의 총중량이 10킬로그램 이하로 포장한 것"
310551,3105,사각지대(수집필요),"광물성 비료나 화학비료(비료의 필수요소인 질소ㆍ인ㆍ칼륨 중 두 가지나 세 가지를 함유하는 것으로 한정한다), 그 밖의 비료, 이 류에 열거한 물품을 태블릿(tablet) 모양이나 이와 유사한 모양으로 한 것이거나 용기를 포함한 한 개의 총중량이 10킬로그램 이하로 포장한 것","광물성 비료나 화학비료(비료의 필수요소인 질소ㆍ인ㆍ칼륨 중 두 가지나 세 가지를 함유하는 것으로 한정한다), 그 밖의 비료, 이 류에 열거한 물품을 태블릿(tablet) 모양이나 이와 유사한 모양으로 한 것이거나 용기를 포함한 한 개의 총중량이 10킬로그램 이하로 포장한 것"
310559,3105,사각지대(수집필요),"광물성 비료나 화학비료(비료의 필수요소인 질소ㆍ인ㆍ칼륨 중 두 가지나 세 가지를 함유하는 것으로 한정한다), 그 밖의 비료, 이 류에 열거한 물품을 태블릿(tablet) 모양이나 이와 유사한 모양으로 한 것이거나 용기를 포함한 한 개의 총중량이 10킬로그램 이하로 포장한 것","광물성 비료나 화학비료(비료의 필수요소인 질소ㆍ인ㆍ칼륨 중 두 가지나 세 가지를 함유하는 것으로 한정한다), 그 밖의 비료, 이 류에 열거한 물품을 태블릿(tablet) 모양이나 이와 유사한 모양으로 한 것이거나 용기를 포함한 한 개의 총중량이 10킬로그램 이하로 포장한 것"
310560,3105,기존379(수집완료),"광물성 비료나 화학비료(비료의 필수요소인 질소ㆍ인ㆍ칼륨 중 두 가지나 세 가지를 함유하는 것으로 한정한다), 그 밖의 비료, 이 류에 열거한 물품을 태블릿(tablet) 모양이나 이와 유사한 모양으로 한 것이거나 용기를 포함한 한 개의 총중량이 10킬로그램 이하로 포장한 것","광물성 비료나 화학비료(비료의 필수요소인 질소ㆍ인ㆍ칼륨 중 두 가지나 세 가지를 함유하는 것으로 한정한다), 그 밖의 비료, 이 류에 열거한 물품을 태블릿(tablet) 모양이나 이와 유사한 모양으로 한 것이거나 용기를 포함한 한 개의 총중량이 10킬로그램 이하로 포장한 것"
310590,3105,기존379(수집완료),기타,"광물성 비료나 화학비료(비료의 필수요소인 질소ㆍ인ㆍ칼륨 중 두 가지나 세 가지를 함유하는 것으로 한정한다), 그 밖의 비료, 이 류에 열거한 물품을 태블릿(tablet) 모양이나 이와 유사한 모양으로 한 것이거나 용기를 포함한 한 개의 총중량이 10킬로그램 이하로 포장한 것"
320500,3205,52HS4(수집완료),레이크 안료와 이들을 기본 재료로 한 조제품(이 류의 주 제3호의 것으로 한정한다),레이크 안료와 이들을 기본 재료로 한 조제품(이 류의 주 제3호의 것으로 한정한다)
320611,3206,기존379(수집완료),"그 밖의 착색제와 조제품(제3203호ㆍ제3204호ㆍ제3205호에 해당하는 물품은 제외하며, 이 류의 주 제3호의 것으로 한정한다), 루미노퍼(luminophore)로 사용되는 무기물(화학적으로 단일한 것인지에 상관없다)","그 밖의 착색제와 조제품(제3203호ㆍ제3204호ㆍ제3205호에 해당하는 물품은 제외하며, 이 류의 주 제3호의 것으로 한정한다), 루미노퍼(luminophore)로 사용되는 무기물(화학적으로 단일한 것인지에 상관없다)"
320619,3206,사각지대(수집필요),"그 밖의 착색제와 조제품(제3203호ㆍ제3204호ㆍ제3205호에 해당하는 물품은 제외하며, 이 류의 주 제3호의 것으로 한정한다), 루미노퍼(luminophore)로 사용되는 무기물(화학적으로 단일한 것인지에 상관없다)","그 밖의 착색제와 조제품(제3203호ㆍ제3204호ㆍ제3205호에 해당하는 물품은 제외하며, 이 류의 주 제3호의 것으로 한정한다), 루미노퍼(luminophore)로 사용되는 무기물(화학적으로 단일한 것인지에 상관없다)"
320620,3206,사각지대(수집필요),"그 밖의 착색제와 조제품(제3203호ㆍ제3204호ㆍ제3205호에 해당하는 물품은 제외하며, 이 류의 주 제3호의 것으로 한정한다), 루미노퍼(luminophore)로 사용되는 무기물(화학적으로 단일한 것인지에 상관없다)","그 밖의 착색제와 조제품(제3203호ㆍ제3204호ㆍ제3205호에 해당하는 물품은 제외하며, 이 류의 주 제3호의 것으로 한정한다), 루미노퍼(luminophore)로 사용되는 무기물(화학적으로 단일한 것인지에 상관없다)"
320641,3206,사각지대(수집필요),군청(群靑)과 이것을 기본 재료로 한 조제품,"그 밖의 착색제와 조제품(제3203호ㆍ제3204호ㆍ제3205호에 해당하는 물품은 제외하며, 이 류의 주 제3호의 것으로 한정한다), 루미노퍼(luminophore)로 사용되는 무기물(화학적으로 단일한 것인지에 상관없다)"
320642,3206,사각지대(수집필요),황아연을 기본 재료로 한 리토폰(lithopone)ㆍ그 밖의 안료와 조제품,"그 밖의 착색제와 조제품(제3203호ㆍ제3204호ㆍ제3205호에 해당하는 물품은 제외하며, 이 류의 주 제3호의 것으로 한정한다), 루미노퍼(luminophore)로 사용되는 무기물(화학적으로 단일한 것인지에 상관없다)"
320649,3206,사각지대(수집필요),기타,"그 밖의 착색제와 조제품(제3203호ㆍ제3204호ㆍ제3205호에 해당하는 물품은 제외하며, 이 류의 주 제3호의 것으로 한정한다), 루미노퍼(luminophore)로 사용되는 무기물(화학적으로 단일한 것인지에 상관없다)"
320650,3206,사각지대(수집필요),"그 밖의 착색제와 조제품(제3203호ㆍ제3204호ㆍ제3205호에 해당하는 물품은 제외하며, 이 류의 주 제3호의 것으로 한정한다), 루미노퍼(luminophore)로 사용되는 무기물(화학적으로 단일한 것인지에 상관없다)","그 밖의 착색제와 조제품(제3203호ㆍ제3204호ㆍ제3205호에 해당하는 물품은 제외하며, 이 류의 주 제3호의 것으로 한정한다), 루미노퍼(luminophore)로 사용되는 무기물(화학적으로 단일한 것인지에 상관없다)"
320710,3207,52HS4(수집완료),"조제 안료ㆍ조제 유백제(乳白劑)ㆍ조제 그림물감ㆍ법랑ㆍ유약ㆍ유약용 슬립ㆍ액체 상태 러스터(lustre)와 이와 유사한 조제품(요업ㆍ에나멜공업ㆍ유리공업에 주로 사용되는 것으로 한정한다), 유리 프리트(frit)와 그 밖의 유리[가루ㆍ알갱이ㆍ플레이크(flake) 모양인 것으로 한정한다]","조제 안료ㆍ조제 유백제(乳白劑)ㆍ조제 그림물감ㆍ법랑ㆍ유약ㆍ유약용 슬립ㆍ액체 상태 러스터(lustre)와 이와 유사한 조제품(요업ㆍ에나멜공업ㆍ유리공업에 주로 사용되는 것으로 한정한다), 유리 프리트(frit)와 그 밖의 유리[가루ㆍ알갱이ㆍ플레이크(flake) 모양인 것으로 한정한다]"
320720,3207,52HS4(수집완료),법랑과 유약ㆍ유약용 슬립과 이와 유사한 조제품,"조제 안료ㆍ조제 유백제(乳白劑)ㆍ조제 그림물감ㆍ법랑ㆍ유약ㆍ유약용 슬립ㆍ액체 상태 러스터(lustre)와 이와 유사한 조제품(요업ㆍ에나멜공업ㆍ유리공업에 주로 사용되는 것으로 한정한다), 유리 프리트(frit)와 그 밖의 유리[가루ㆍ알갱이ㆍ플레이크(flake) 모양인 것으로 한정한다]"
320730,3207,52HS4(수집완료),액체 상태 러스터(lustre)와 이와 유사한 조제품,"조제 안료ㆍ조제 유백제(乳白劑)ㆍ조제 그림물감ㆍ법랑ㆍ유약ㆍ유약용 슬립ㆍ액체 상태 러스터(lustre)와 이와 유사한 조제품(요업ㆍ에나멜공업ㆍ유리공업에 주로 사용되는 것으로 한정한다), 유리 프리트(frit)와 그 밖의 유리[가루ㆍ알갱이ㆍ플레이크(flake) 모양인 것으로 한정한다]"
320740,3207,52HS4(수집완료),"조제 안료ㆍ조제 유백제(乳白劑)ㆍ조제 그림물감ㆍ법랑ㆍ유약ㆍ유약용 슬립ㆍ액체 상태 러스터(lustre)와 이와 유사한 조제품(요업ㆍ에나멜공업ㆍ유리공업에 주로 사용되는 것으로 한정한다), 유리 프리트(frit)와 그 밖의 유리[가루ㆍ알갱이ㆍ플레이크(flake) 모양인 것으로 한정한다]","조제 안료ㆍ조제 유백제(乳白劑)ㆍ조제 그림물감ㆍ법랑ㆍ유약ㆍ유약용 슬립ㆍ액체 상태 러스터(lustre)와 이와 유사한 조제품(요업ㆍ에나멜공업ㆍ유리공업에 주로 사용되는 것으로 한정한다), 유리 프리트(frit)와 그 밖의 유리[가루ㆍ알갱이ㆍ플레이크(flake) 모양인 것으로 한정한다]"
320810,3208,사각지대(수집필요),폴리에스테르를 기본 재료로 한 것,"페인트와 바니시(varnish)[에나멜ㆍ래커(lacquer)를 포함하며, 합성 중합체나 화학적으로 변성한 천연 중합체를 기본 재료로 하여 비수성(非水性) 매질(媒質)에 분산하거나 용해한 것으로 한정한다], 이 류의 주 제4호의 용액"
320820,3208,기존379(수집완료),아크릴이나 비닐중합체를 기본 재료로 한 것,"페인트와 바니시(varnish)[에나멜ㆍ래커(lacquer)를 포함하며, 합성 중합체나 화학적으로 변성한 천연 중합체를 기본 재료로 하여 비수성(非水性) 매질(媒質)에 분산하거나 용해한 것으로 한정한다], 이 류의 주 제4호의 용액"
320890,3208,기존379(수집완료),기타,"페인트와 바니시(varnish)[에나멜ㆍ래커(lacquer)를 포함하며, 합성 중합체나 화학적으로 변성한 천연 중합체를 기본 재료로 하여 비수성(非水性) 매질(媒質)에 분산하거나 용해한 것으로 한정한다], 이 류의 주 제4호의 용액"
340510,3405,사각지대(수집필요),"신발용ㆍ가구용ㆍ마루용ㆍ차체(coachwork)용ㆍ유리용ㆍ금속용 광택제와 크림, 연마페이스트(paste)ㆍ연마가루와 이와 유사한 조제품[이러한 조제품을 침투시키거나 도포하거나 피복한 종이ㆍ워딩(wadding)ㆍ펠트(felt)ㆍ부직포ㆍ셀룰러 플라스틱ㆍ셀룰러 고무 형태의 것인지에 상관없다](제3404호의 왁스는 제외한다)","신발용ㆍ가구용ㆍ마루용ㆍ차체(coachwork)용ㆍ유리용ㆍ금속용 광택제와 크림, 연마페이스트(paste)ㆍ연마가루와 이와 유사한 조제품[이러한 조제품을 침투시키거나 도포하거나 피복한 종이ㆍ워딩(wadding)ㆍ펠트(felt)ㆍ부직포ㆍ셀룰러 플라스틱ㆍ셀룰러 고무 형태의 것인지에 상관없다](제3404호의 왁스는 제외한다)"
340520,3405,사각지대(수집필요),"신발용ㆍ가구용ㆍ마루용ㆍ차체(coachwork)용ㆍ유리용ㆍ금속용 광택제와 크림, 연마페이스트(paste)ㆍ연마가루와 이와 유사한 조제품[이러한 조제품을 침투시키거나 도포하거나 피복한 종이ㆍ워딩(wadding)ㆍ펠트(felt)ㆍ부직포ㆍ셀룰러 플라스틱ㆍ셀룰러 고무 형태의 것인지에 상관없다](제3404호의 왁스는 제외한다)","신발용ㆍ가구용ㆍ마루용ㆍ차체(coachwork)용ㆍ유리용ㆍ금속용 광택제와 크림, 연마페이스트(paste)ㆍ연마가루와 이와 유사한 조제품[이러한 조제품을 침투시키거나 도포하거나 피복한 종이ㆍ워딩(wadding)ㆍ펠트(felt)ㆍ부직포ㆍ셀룰러 플라스틱ㆍ셀룰러 고무 형태의 것인지에 상관없다](제3404호의 왁스는 제외한다)"
340530,3405,사각지대(수집필요),"신발용ㆍ가구용ㆍ마루용ㆍ차체(coachwork)용ㆍ유리용ㆍ금속용 광택제와 크림, 연마페이스트(paste)ㆍ연마가루와 이와 유사한 조제품[이러한 조제품을 침투시키거나 도포하거나 피복한 종이ㆍ워딩(wadding)ㆍ펠트(felt)ㆍ부직포ㆍ셀룰러 플라스틱ㆍ셀룰러 고무 형태의 것인지에 상관없다](제3404호의 왁스는 제외한다)","신발용ㆍ가구용ㆍ마루용ㆍ차체(coachwork)용ㆍ유리용ㆍ금속용 광택제와 크림, 연마페이스트(paste)ㆍ연마가루와 이와 유사한 조제품[이러한 조제품을 침투시키거나 도포하거나 피복한 종이ㆍ워딩(wadding)ㆍ펠트(felt)ㆍ부직포ㆍ셀룰러 플라스틱ㆍ셀룰러 고무 형태의 것인지에 상관없다](제3404호의 왁스는 제외한다)"
340540,3405,기존379(수집완료),"신발용ㆍ가구용ㆍ마루용ㆍ차체(coachwork)용ㆍ유리용ㆍ금속용 광택제와 크림, 연마페이스트(paste)ㆍ연마가루와 이와 유사한 조제품[이러한 조제품을 침투시키거나 도포하거나 피복한 종이ㆍ워딩(wadding)ㆍ펠트(felt)ㆍ부직포ㆍ셀룰러 플라스틱ㆍ셀룰러 고무 형태의 것인지에 상관없다](제3404호의 왁스는 제외한다)","신발용ㆍ가구용ㆍ마루용ㆍ차체(coachwork)용ㆍ유리용ㆍ금속용 광택제와 크림, 연마페이스트(paste)ㆍ연마가루와 이와 유사한 조제품[이러한 조제품을 침투시키거나 도포하거나 피복한 종이ㆍ워딩(wadding)ㆍ펠트(felt)ㆍ부직포ㆍ셀룰러 플라스틱ㆍ셀룰러 고무 형태의 것인지에 상관없다](제3404호의 왁스는 제외한다)"
340590,3405,사각지대(수집필요),기타,"신발용ㆍ가구용ㆍ마루용ㆍ차체(coachwork)용ㆍ유리용ㆍ금속용 광택제와 크림, 연마페이스트(paste)ㆍ연마가루와 이와 유사한 조제품[이러한 조제품을 침투시키거나 도포하거나 피복한 종이ㆍ워딩(wadding)ㆍ펠트(felt)ㆍ부직포ㆍ셀룰러 플라스틱ㆍ셀룰러 고무 형태의 것인지에 상관없다](제3404호의 왁스는 제외한다)"
350510,3505,기존379(수집완료),덱스트린과 그 밖의 변성전분,"덱스트린과 그 밖의 변성전분[예: 프리젤라티나이지드(pregelatinised) 전분이나 에스테르화 전분], 전분ㆍ덱스트린이나 그 밖의 변성전분을 기본 재료로 한 글루(glue)"
350520,3505,사각지대(수집필요),글루(glue),"덱스트린과 그 밖의 변성전분[예: 프리젤라티나이지드(pregelatinised) 전분이나 에스테르화 전분], 전분ㆍ덱스트린이나 그 밖의 변성전분을 기본 재료로 한 글루(glue)"
350610,3506,기존379(수집완료),"글루(glue)나 접착제로 사용하기에 적합한 물품[소매용으로 한 글루(glue)나 접착제로서, 순중량이 1킬로그램 이하인 것으로 한정한다]","조제 글루(glue)와 그 밖의 조제 접착제(따로 분류되지 않은 것으로 한정한다), 글루(glue)나 접착제로 사용하기에 적합한 물품[소매용으로 한 글루(glue)나 접착제로서 순중량이 1킬로그램 이하인 것으로 한정한다]"
350691,3506,사각지대(수집필요),제3901호부터 제3913호까지의 폴리머(polymer)나 고무를 기본 재료로 한 접착제,"조제 글루(glue)와 그 밖의 조제 접착제(따로 분류되지 않은 것으로 한정한다), 글루(glue)나 접착제로 사용하기에 적합한 물품[소매용으로 한 글루(glue)나 접착제로서 순중량이 1킬로그램 이하인 것으로 한정한다]"
350699,3506,사각지대(수집필요),기타,"조제 글루(glue)와 그 밖의 조제 접착제(따로 분류되지 않은 것으로 한정한다), 글루(glue)나 접착제로 사용하기에 적합한 물품[소매용으로 한 글루(glue)나 접착제로서 순중량이 1킬로그램 이하인 것으로 한정한다]"
360100,3601,기존379(수집완료),화약,화약
360200,3602,52HS4(수집완료),폭약(화약은 제외한다),폭약(화약은 제외한다)
360310,3603,기존379(수집완료),"도화선, 도폭선, 뇌관, 점화기, 전기뇌관","도화선, 도폭선, 뇌관, 점화기, 전기뇌관"
360320,3603,기존379(수집완료),"도화선, 도폭선, 뇌관, 점화기, 전기뇌관","도화선, 도폭선, 뇌관, 점화기, 전기뇌관"
360330,3603,사각지대(수집필요),"도화선, 도폭선, 뇌관, 점화기, 전기뇌관","도화선, 도폭선, 뇌관, 점화기, 전기뇌관"
360340,3603,기존379(수집완료),"도화선, 도폭선, 뇌관, 점화기, 전기뇌관","도화선, 도폭선, 뇌관, 점화기, 전기뇌관"
360350,3603,기존379(수집완료),"도화선, 도폭선, 뇌관, 점화기, 전기뇌관","도화선, 도폭선, 뇌관, 점화기, 전기뇌관"
360360,3603,기존379(수집완료),"도화선, 도폭선, 뇌관, 점화기, 전기뇌관","도화선, 도폭선, 뇌관, 점화기, 전기뇌관"
360410,3604,기존379(수집완료),불꽃제품ㆍ신호용 조명탄ㆍ레인로켓(rain rocket)ㆍ안개 신호용품과 그 밖의 화공품,불꽃제품ㆍ신호용 조명탄ㆍ레인로켓(rain rocket)ㆍ안개 신호용품과 그 밖의 화공품
360490,3604,기존379(수집완료),기타,불꽃제품ㆍ신호용 조명탄ㆍ레인로켓(rain rocket)ㆍ안개 신호용품과 그 밖의 화공품
370110,3701,기존379(수집완료),"평면 모양 사진플레이트ㆍ평면 모양 사진필름(감광성이 있고 노광하지 않은 것으로 한정하며, 종이ㆍ판지ㆍ직물로 만든 것은 제외한다), 평면 모양 인스턴트 프린트필름(감광성이 있고 노광하지 않은 것으로 한정하며, 팩으로 된 것인지에 상관없다)","평면 모양 사진플레이트ㆍ평면 모양 사진필름(감광성이 있고 노광하지 않은 것으로 한정하며, 종이ㆍ판지ㆍ직물로 만든 것은 제외한다), 평면 모양 인스턴트 프린트필름(감광성이 있고 노광하지 않은 것으로 한정하며, 팩으로 된 것인지에 상관없다)"
370120,3701,기존379(수집완료),"평면 모양 사진플레이트ㆍ평면 모양 사진필름(감광성이 있고 노광하지 않은 것으로 한정하며, 종이ㆍ판지ㆍ직물로 만든 것은 제외한다), 평면 모양 인스턴트 프린트필름(감광성이 있고 노광하지 않은 것으로 한정하며, 팩으로 된 것인지에 상관없다)","평면 모양 사진플레이트ㆍ평면 모양 사진필름(감광성이 있고 노광하지 않은 것으로 한정하며, 종이ㆍ판지ㆍ직물로 만든 것은 제외한다), 평면 모양 인스턴트 프린트필름(감광성이 있고 노광하지 않은 것으로 한정하며, 팩으로 된 것인지에 상관없다)"
370130,3701,기존379(수집완료),그 밖의 플레이트와 필름(각 변의 길이가 255밀리미터를 초과하는 것으로 한정한다),"평면 모양 사진플레이트ㆍ평면 모양 사진필름(감광성이 있고 노광하지 않은 것으로 한정하며, 종이ㆍ판지ㆍ직물로 만든 것은 제외한다), 평면 모양 인스턴트 프린트필름(감광성이 있고 노광하지 않은 것으로 한정하며, 팩으로 된 것인지에 상관없다)"
370191,3701,사각지대(수집필요),천연색 사진용(폴리크롬),"평면 모양 사진플레이트ㆍ평면 모양 사진필름(감광성이 있고 노광하지 않은 것으로 한정하며, 종이ㆍ판지ㆍ직물로 만든 것은 제외한다), 평면 모양 인스턴트 프린트필름(감광성이 있고 노광하지 않은 것으로 한정하며, 팩으로 된 것인지에 상관없다)"
370199,3701,기존379(수집완료),기타,"평면 모양 사진플레이트ㆍ평면 모양 사진필름(감광성이 있고 노광하지 않은 것으로 한정하며, 종이ㆍ판지ㆍ직물로 만든 것은 제외한다), 평면 모양 인스턴트 프린트필름(감광성이 있고 노광하지 않은 것으로 한정하며, 팩으로 된 것인지에 상관없다)"
370210,3702,기존379(수집완료),"롤 모양 사진필름(감광성이 있고 노광하지 않은 것으로 한정하며, 종이ㆍ판지ㆍ직물로 만든 것은 제외한다)과 롤 모양 인스턴트 프린트필름(감광성이 있고 노광하지 않은 것으로 한정한다)","롤 모양 사진필름(감광성이 있고 노광하지 않은 것으로 한정하며, 종이ㆍ판지ㆍ직물로 만든 것은 제외한다)과 롤 모양 인스턴트 프린트필름(감광성이 있고 노광하지 않은 것으로 한정한다)"
370231,3702,사각지대(수집필요),천연색 사진용(폴리크롬),"롤 모양 사진필름(감광성이 있고 노광하지 않은 것으로 한정하며, 종이ㆍ판지ㆍ직물로 만든 것은 제외한다)과 롤 모양 인스턴트 프린트필름(감광성이 있고 노광하지 않은 것으로 한정한다)"
370232,3702,사각지대(수집필요),기타[할로겐화은 에멀션(emulsion)으로 된 것으로 한정한다],"롤 모양 사진필름(감광성이 있고 노광하지 않은 것으로 한정하며, 종이ㆍ판지ㆍ직물로 만든 것은 제외한다)과 롤 모양 인스턴트 프린트필름(감광성이 있고 노광하지 않은 것으로 한정한다)"
370239,3702,사각지대(수집필요),기타,"롤 모양 사진필름(감광성이 있고 노광하지 않은 것으로 한정하며, 종이ㆍ판지ㆍ직물로 만든 것은 제외한다)과 롤 모양 인스턴트 프린트필름(감광성이 있고 노광하지 않은 것으로 한정한다)"
370241,3702,사각지대(수집필요),"폭이 610밀리미터를 초과하고, 길이가 200미터를 초과하는 것으로서 천연색 사진용의 것(폴리크롬)","롤 모양 사진필름(감광성이 있고 노광하지 않은 것으로 한정하며, 종이ㆍ판지ㆍ직물로 만든 것은 제외한다)과 롤 모양 인스턴트 프린트필름(감광성이 있고 노광하지 않은 것으로 한정한다)"
370242,3702,사각지대(수집필요),"폭이 610밀리미터를 초과하고, 길이가 200미터를 초과하는 것(천연색 사진용은 제외한다)","롤 모양 사진필름(감광성이 있고 노광하지 않은 것으로 한정하며, 종이ㆍ판지ㆍ직물로 만든 것은 제외한다)과 롤 모양 인스턴트 프린트필름(감광성이 있고 노광하지 않은 것으로 한정한다)"
370243,3702,사각지대(수집필요),"폭이 610밀리미터를 초과하고, 길이가 200미터 이하인 것","롤 모양 사진필름(감광성이 있고 노광하지 않은 것으로 한정하며, 종이ㆍ판지ㆍ직물로 만든 것은 제외한다)과 롤 모양 인스턴트 프린트필름(감광성이 있고 노광하지 않은 것으로 한정한다)"
370244,3702,기존379(수집완료),폭이 105밀리미터 초과 610밀리미터 이하인 것,"롤 모양 사진필름(감광성이 있고 노광하지 않은 것으로 한정하며, 종이ㆍ판지ㆍ직물로 만든 것은 제외한다)과 롤 모양 인스턴트 프린트필름(감광성이 있고 노광하지 않은 것으로 한정한다)"
370252,3702,사각지대(수집필요),폭이 16밀리미터 이하인 것,"롤 모양 사진필름(감광성이 있고 노광하지 않은 것으로 한정하며, 종이ㆍ판지ㆍ직물로 만든 것은 제외한다)과 롤 모양 인스턴트 프린트필름(감광성이 있고 노광하지 않은 것으로 한정한다)"
370253,3702,사각지대(수집필요),"롤 모양 사진필름(감광성이 있고 노광하지 않은 것으로 한정하며, 종이ㆍ판지ㆍ직물로 만든 것은 제외한다)과 롤 모양 인스턴트 프린트필름(감광성이 있고 노광하지 않은 것으로 한정한다)","롤 모양 사진필름(감광성이 있고 노광하지 않은 것으로 한정하며, 종이ㆍ판지ㆍ직물로 만든 것은 제외한다)과 롤 모양 인스턴트 프린트필름(감광성이 있고 노광하지 않은 것으로 한정한다)"
370254,3702,기존379(수집완료),폭이 16밀리미터 초과 35밀리미터 이하로서 길이가 30미터 이하인 것(슬라이드용은 제외한다),"롤 모양 사진필름(감광성이 있고 노광하지 않은 것으로 한정하며, 종이ㆍ판지ㆍ직물로 만든 것은 제외한다)과 롤 모양 인스턴트 프린트필름(감광성이 있고 노광하지 않은 것으로 한정한다)"
370255,3702,사각지대(수집필요),폭이 16밀리미터 초과 35밀리미터 이하로서 길이가 30미터를 초과하는 것,"롤 모양 사진필름(감광성이 있고 노광하지 않은 것으로 한정하며, 종이ㆍ판지ㆍ직물로 만든 것은 제외한다)과 롤 모양 인스턴트 프린트필름(감광성이 있고 노광하지 않은 것으로 한정한다)"
370256,3702,사각지대(수집필요),폭이 35밀리미터를 초과하는 것,"롤 모양 사진필름(감광성이 있고 노광하지 않은 것으로 한정하며, 종이ㆍ판지ㆍ직물로 만든 것은 제외한다)과 롤 모양 인스턴트 프린트필름(감광성이 있고 노광하지 않은 것으로 한정한다)"
370296,3702,사각지대(수집필요),폭이 35밀리미터 이하로서 길이가 30미터 이하인 것,"롤 모양 사진필름(감광성이 있고 노광하지 않은 것으로 한정하며, 종이ㆍ판지ㆍ직물로 만든 것은 제외한다)과 롤 모양 인스턴트 프린트필름(감광성이 있고 노광하지 않은 것으로 한정한다)"
370297,3702,사각지대(수집필요),폭이 35밀리미터 이하로서 길이가 30미터를 초과하는 것,"롤 모양 사진필름(감광성이 있고 노광하지 않은 것으로 한정하며, 종이ㆍ판지ㆍ직물로 만든 것은 제외한다)과 롤 모양 인스턴트 프린트필름(감광성이 있고 노광하지 않은 것으로 한정한다)"
370298,3702,사각지대(수집필요),폭이 35밀리미터를 초과하는 것,"롤 모양 사진필름(감광성이 있고 노광하지 않은 것으로 한정하며, 종이ㆍ판지ㆍ직물로 만든 것은 제외한다)과 롤 모양 인스턴트 프린트필름(감광성이 있고 노광하지 않은 것으로 한정한다)"
370310,3703,기존379(수집완료),사진 인화지ㆍ판지ㆍ직물(감광성이 있고 노광하지 않은 것으로 한정한다),사진 인화지ㆍ판지ㆍ직물(감광성이 있고 노광하지 않은 것으로 한정한다)
370320,3703,기존379(수집완료),기타[천연색 사진용(폴리크롬)으로 한정한다],사진 인화지ㆍ판지ㆍ직물(감광성이 있고 노광하지 않은 것으로 한정한다)
370390,3703,사각지대(수집필요),사진 인화지ㆍ판지ㆍ직물(감광성이 있고 노광하지 않은 것으로 한정한다),사진 인화지ㆍ판지ㆍ직물(감광성이 있고 노광하지 않은 것으로 한정한다)
370500,3705,기존379(수집완료),"사진플레이트와 필름(노광하여 현상한 것으로 한정하며, 영화용 필름은 제외한다)","사진플레이트와 필름(노광하여 현상한 것으로 한정하며, 영화용 필름은 제외한다)"
370710,3707,사각지대(수집필요),"사진용 화학조제품[바니시(varnish)ㆍ글루(glue)ㆍ접착제와 이와 유사한 조제품은 제외한다], 사진용 단일 물품(일정 소량으로 나누거나 그대로 사용할 수 있는 모양인 소매용으로 한정한다)","사진용 화학조제품[바니시(varnish)ㆍ글루(glue)ㆍ접착제와 이와 유사한 조제품은 제외한다], 사진용 단일 물품(일정 소량으로 나누거나 그대로 사용할 수 있는 모양인 소매용으로 한정한다)"
370790,3707,기존379(수집완료),기타,"사진용 화학조제품[바니시(varnish)ㆍ글루(glue)ㆍ접착제와 이와 유사한 조제품은 제외한다], 사진용 단일 물품(일정 소량으로 나누거나 그대로 사용할 수 있는 모양인 소매용으로 한정한다)"
380110,3801,기존379(수집완료),인조흑연,"인조흑연, 콜로이드흑연ㆍ반콜로이드흑연, 흑연이나 그 밖의 탄소를 기본 재료로 한 조제품[페이스트(paste)ㆍ블록ㆍ판 모양이나 그 밖의 반제품으로 한정한다]"
380120,3801,사각지대(수집필요),"인조흑연, 콜로이드흑연ㆍ반콜로이드흑연, 흑연이나 그 밖의 탄소를 기본 재료로 한 조제품[페이스트(paste)ㆍ블록ㆍ판 모양이나 그 밖의 반제품으로 한정한다]","인조흑연, 콜로이드흑연ㆍ반콜로이드흑연, 흑연이나 그 밖의 탄소를 기본 재료로 한 조제품[페이스트(paste)ㆍ블록ㆍ판 모양이나 그 밖의 반제품으로 한정한다]"
380130,3801,기존379(수집완료),"인조흑연, 콜로이드흑연ㆍ반콜로이드흑연, 흑연이나 그 밖의 탄소를 기본 재료로 한 조제품[페이스트(paste)ㆍ블록ㆍ판 모양이나 그 밖의 반제품으로 한정한다]","인조흑연, 콜로이드흑연ㆍ반콜로이드흑연, 흑연이나 그 밖의 탄소를 기본 재료로 한 조제품[페이스트(paste)ㆍ블록ㆍ판 모양이나 그 밖의 반제품으로 한정한다]"
380190,3801,사각지대(수집필요),"인조흑연, 콜로이드흑연ㆍ반콜로이드흑연, 흑연이나 그 밖의 탄소를 기본 재료로 한 조제품[페이스트(paste)ㆍ블록ㆍ판 모양이나 그 밖의 반제품으로 한정한다]","인조흑연, 콜로이드흑연ㆍ반콜로이드흑연, 흑연이나 그 밖의 탄소를 기본 재료로 한 조제품[페이스트(paste)ㆍ블록ㆍ판 모양이나 그 밖의 반제품으로 한정한다]"
380300,3803,52HS4(수집완료),톨유(tall oil)(정제한 것인지에 상관없다),톨유(tall oil)(정제한 것인지에 상관없다)
380400,3804,52HS4(수집완료),"목재펄프를 제조할 때 생기는 폐액(廢液)[농축한 것인지, 당류를 제거한 것인지 또는 화학적으로 처리한 것인지에 상관없으며 리그닌 술폰산을 포함하나, 제3803호의 톨유(tall oil)는 제외한다]","목재펄프를 제조할 때 생기는 폐액(廢液)[농축한 것인지, 당류를 제거한 것인지 또는 화학적으로 처리한 것인지에 상관없으며 리그닌 술폰산을 포함하나, 제3803호의 톨유(tall oil)는 제외한다]"
380610,3806,사각지대(수집필요),로진(rosin)과 수지산,"로진(rosin)ㆍ수지산과 이들의 유도체, 로진 스피릿(rosin spirit)과 로진유(rosin oil), 런검(run gum)"
380620,3806,사각지대(수집필요),"로진(rosin)ㆍ수지산과 이들의 유도체, 로진 스피릿(rosin spirit)과 로진유(rosin oil), 런검(run gum)","로진(rosin)ㆍ수지산과 이들의 유도체, 로진 스피릿(rosin spirit)과 로진유(rosin oil), 런검(run gum)"
380630,3806,기존379(수집완료),"로진(rosin)ㆍ수지산과 이들의 유도체, 로진 스피릿(rosin spirit)과 로진유(rosin oil), 런검(run gum)","로진(rosin)ㆍ수지산과 이들의 유도체, 로진 스피릿(rosin spirit)과 로진유(rosin oil), 런검(run gum)"
380690,3806,기존379(수집완료),"로진(rosin)ㆍ수지산과 이들의 유도체, 로진 스피릿(rosin spirit)과 로진유(rosin oil), 런검(run gum)","로진(rosin)ㆍ수지산과 이들의 유도체, 로진 스피릿(rosin spirit)과 로진유(rosin oil), 런검(run gum)"
380700,3807,기존379(수집완료),"목(木)타르, 목(木)타르유, 목(木)크레오소트(creosote), 목(木)나프타, 식물성 피치(pitch), 브루어피치(brewers' pitch)와 이와 유사한 조제품[로진(rosin)ㆍ수지산이나 식물성 피치(pitch)를 기본 재료로 한 것으로 한정한다]","목(木)타르, 목(木)타르유, 목(木)크레오소트(creosote), 목(木)나프타, 식물성 피치(pitch), 브루어피치(brewers' pitch)와 이와 유사한 조제품[로진(rosin)ㆍ수지산이나 식물성 피치(pitch)를 기본 재료로 한 것으로 한정한다]"
380910,3809,52HS4(수집완료),"완성가공제, 염색 촉진용ㆍ염료 고착용 염색캐리어, 드레싱ㆍ매염제와 같은 그 밖의 물품과 조제품(섬유산업ㆍ제지산업ㆍ가죽산업 그 밖에 이와 유사한 산업에 사용하는 것으로서 따로 분류되지 않은 것으로 한정한다)","완성가공제, 염색 촉진용ㆍ염료 고착용 염색캐리어, 드레싱ㆍ매염제와 같은 그 밖의 물품과 조제품(섬유산업ㆍ제지산업ㆍ가죽산업 그 밖에 이와 유사한 산업에 사용하는 것으로서 따로 분류되지 않은 것으로 한정한다)"
380991,3809,52HS4(수집완료),"완성가공제, 염색 촉진용ㆍ염료 고착용 염색캐리어, 드레싱ㆍ매염제와 같은 그 밖의 물품과 조제품(섬유산업ㆍ제지산업ㆍ가죽산업 그 밖에 이와 유사한 산업에 사용하는 것으로서 따로 분류되지 않은 것으로 한정한다)","완성가공제, 염색 촉진용ㆍ염료 고착용 염색캐리어, 드레싱ㆍ매염제와 같은 그 밖의 물품과 조제품(섬유산업ㆍ제지산업ㆍ가죽산업 그 밖에 이와 유사한 산업에 사용하는 것으로서 따로 분류되지 않은 것으로 한정한다)"
380992,3809,52HS4(수집완료),"완성가공제, 염색 촉진용ㆍ염료 고착용 염색캐리어, 드레싱ㆍ매염제와 같은 그 밖의 물품과 조제품(섬유산업ㆍ제지산업ㆍ가죽산업 그 밖에 이와 유사한 산업에 사용하는 것으로서 따로 분류되지 않은 것으로 한정한다)","완성가공제, 염색 촉진용ㆍ염료 고착용 염색캐리어, 드레싱ㆍ매염제와 같은 그 밖의 물품과 조제품(섬유산업ㆍ제지산업ㆍ가죽산업 그 밖에 이와 유사한 산업에 사용하는 것으로서 따로 분류되지 않은 것으로 한정한다)"
380993,3809,52HS4(수집완료),"완성가공제, 염색 촉진용ㆍ염료 고착용 염색캐리어, 드레싱ㆍ매염제와 같은 그 밖의 물품과 조제품(섬유산업ㆍ제지산업ㆍ가죽산업 그 밖에 이와 유사한 산업에 사용하는 것으로서 따로 분류되지 않은 것으로 한정한다)","완성가공제, 염색 촉진용ㆍ염료 고착용 염색캐리어, 드레싱ㆍ매염제와 같은 그 밖의 물품과 조제품(섬유산업ㆍ제지산업ㆍ가죽산업 그 밖에 이와 유사한 산업에 사용하는 것으로서 따로 분류되지 않은 것으로 한정한다)"
381010,3810,사각지대(수집필요),"금속표면처리용 침지 조제품, 납땜용ㆍ땜질용ㆍ용접용 가루와 페이스트(paste)로서 금속과 그 밖의 재료로 조성한 것","금속표면처리용 침지 조제품, 납땜용ㆍ땜질용ㆍ용접용 융제와 그 밖의 보조 조제품, 납땜용ㆍ땜질용ㆍ용접용 가루와 페이스트(paste)로서 금속과 그 밖의 재료로 조성한 것, 용접용 전극ㆍ용접봉의 코어나 피복에 사용하는 조제품"
381090,3810,기존379(수집완료),기타,"금속표면처리용 침지 조제품, 납땜용ㆍ땜질용ㆍ용접용 융제와 그 밖의 보조 조제품, 납땜용ㆍ땜질용ㆍ용접용 가루와 페이스트(paste)로서 금속과 그 밖의 재료로 조성한 것, 용접용 전극ㆍ용접봉의 코어나 피복에 사용하는 조제품"
381111,3811,52HS4(수집완료),안티녹(anti-knock)제ㆍ산화억제제ㆍ검화억제제(gum inhibitor)ㆍ점도향상제ㆍ부식방지제와 그 밖의 조제 첨가제[광물유(가솔린을 포함한다)용이나 광물유와 동일한 목적에 사용하는 그 밖의 액체용으로 한정한다],안티녹(anti-knock)제ㆍ산화억제제ㆍ검화억제제(gum inhibitor)ㆍ점도향상제ㆍ부식방지제와 그 밖의 조제 첨가제[광물유(가솔린을 포함한다)용이나 광물유와 동일한 목적에 사용하는 그 밖의 액체용으로 한정한다]
381119,3811,52HS4(수집완료),안티녹(anti-knock)제ㆍ산화억제제ㆍ검화억제제(gum inhibitor)ㆍ점도향상제ㆍ부식방지제와 그 밖의 조제 첨가제[광물유(가솔린을 포함한다)용이나 광물유와 동일한 목적에 사용하는 그 밖의 액체용으로 한정한다],안티녹(anti-knock)제ㆍ산화억제제ㆍ검화억제제(gum inhibitor)ㆍ점도향상제ㆍ부식방지제와 그 밖의 조제 첨가제[광물유(가솔린을 포함한다)용이나 광물유와 동일한 목적에 사용하는 그 밖의 액체용으로 한정한다]
381121,3811,52HS4(수집완료),안티녹(anti-knock)제ㆍ산화억제제ㆍ검화억제제(gum inhibitor)ㆍ점도향상제ㆍ부식방지제와 그 밖의 조제 첨가제[광물유(가솔린을 포함한다)용이나 광물유와 동일한 목적에 사용하는 그 밖의 액체용으로 한정한다],안티녹(anti-knock)제ㆍ산화억제제ㆍ검화억제제(gum inhibitor)ㆍ점도향상제ㆍ부식방지제와 그 밖의 조제 첨가제[광물유(가솔린을 포함한다)용이나 광물유와 동일한 목적에 사용하는 그 밖의 액체용으로 한정한다]
381129,3811,52HS4(수집완료),안티녹(anti-knock)제ㆍ산화억제제ㆍ검화억제제(gum inhibitor)ㆍ점도향상제ㆍ부식방지제와 그 밖의 조제 첨가제[광물유(가솔린을 포함한다)용이나 광물유와 동일한 목적에 사용하는 그 밖의 액체용으로 한정한다],안티녹(anti-knock)제ㆍ산화억제제ㆍ검화억제제(gum inhibitor)ㆍ점도향상제ㆍ부식방지제와 그 밖의 조제 첨가제[광물유(가솔린을 포함한다)용이나 광물유와 동일한 목적에 사용하는 그 밖의 액체용으로 한정한다]
381190,3811,52HS4(수집완료),안티녹(anti-knock)제ㆍ산화억제제ㆍ검화억제제(gum inhibitor)ㆍ점도향상제ㆍ부식방지제와 그 밖의 조제 첨가제[광물유(가솔린을 포함한다)용이나 광물유와 동일한 목적에 사용하는 그 밖의 액체용으로 한정한다],안티녹(anti-knock)제ㆍ산화억제제ㆍ검화억제제(gum inhibitor)ㆍ점도향상제ㆍ부식방지제와 그 밖의 조제 첨가제[광물유(가솔린을 포함한다)용이나 광물유와 동일한 목적에 사용하는 그 밖의 액체용으로 한정한다]
381210,3812,사각지대(수집필요),조제한 고무가황촉진제,"조제한 고무가황촉진제, 고무용ㆍ플라스틱용 복합가소제(따로 분류되지 않은 것으로 한정한다), 고무용ㆍ플라스틱용 산화방지 조제품과 그 밖의 복합안정제"
381220,3812,사각지대(수집필요),"조제한 고무가황촉진제, 고무용ㆍ플라스틱용 복합가소제(따로 분류되지 않은 것으로 한정한다), 고무용ㆍ플라스틱용 산화방지 조제품과 그 밖의 복합안정제","조제한 고무가황촉진제, 고무용ㆍ플라스틱용 복합가소제(따로 분류되지 않은 것으로 한정한다), 고무용ㆍ플라스틱용 산화방지 조제품과 그 밖의 복합안정제"
381231,3812,사각지대(수집필요),"조제한 고무가황촉진제, 고무용ㆍ플라스틱용 복합가소제(따로 분류되지 않은 것으로 한정한다), 고무용ㆍ플라스틱용 산화방지 조제품과 그 밖의 복합안정제","조제한 고무가황촉진제, 고무용ㆍ플라스틱용 복합가소제(따로 분류되지 않은 것으로 한정한다), 고무용ㆍ플라스틱용 산화방지 조제품과 그 밖의 복합안정제"
381239,3812,기존379(수집완료),기타,"조제한 고무가황촉진제, 고무용ㆍ플라스틱용 복합가소제(따로 분류되지 않은 것으로 한정한다), 고무용ㆍ플라스틱용 산화방지 조제품과 그 밖의 복합안정제"
381300,3813,기존379(수집완료),"소화기용 조제품과 장전물, 장전된 소화탄","소화기용 조제품과 장전물, 장전된 소화탄"
381600,3816,기존379(수집완료),"내화시멘트ㆍ내화모르타르ㆍ내화콘크리트와 이와 유사한 혼합물[백운석 래밍믹스(ramming mix)를 포함하며, 제3801호의 물품은 제외한다]","내화시멘트ㆍ내화모르타르ㆍ내화콘크리트와 이와 유사한 혼합물[백운석 래밍믹스(ramming mix)를 포함하며, 제3801호의 물품은 제외한다]"
381700,3817,52HS4(수집완료),혼합알킬벤젠과 혼합알킬나프탈렌(제2707호ㆍ제2902호의 물품은 제외한다),혼합알킬벤젠과 혼합알킬나프탈렌(제2707호ㆍ제2902호의 물품은 제외한다)
382100,3821,52HS4(수집완료),미생물(바이러스와 이와 유사한 것을 포함한다)ㆍ식물ㆍ인간ㆍ동물 세포의 성장이나 보존을 위한 조제 배양제,미생물(바이러스와 이와 유사한 것을 포함한다)ㆍ식물ㆍ인간ㆍ동물 세포의 성장이나 보존을 위한 조제 배양제
382211,3822,52HS4(수집완료),말라리아용,"뒤편을 보강한 진단용ㆍ실험실용 시약과 뒷편을 보강하였거나 보강하지 않은 진단용ㆍ실험실용 조제시약(도구모음 형태로 된 것인지에 상관없으며, 제3006호의 물품은 제외한다), 인증 표준물질"
382212,3822,52HS4(수집완료),지카(Zika)와 그 밖의 질병용[아에데스(Aedes)속 모기에 의해 전염되는 것으로 한정한다],"뒤편을 보강한 진단용ㆍ실험실용 시약과 뒷편을 보강하였거나 보강하지 않은 진단용ㆍ실험실용 조제시약(도구모음 형태로 된 것인지에 상관없으며, 제3006호의 물품은 제외한다), 인증 표준물질"
382213,3822,52HS4(수집완료),"뒤편을 보강한 진단용ㆍ실험실용 시약과 뒷편을 보강하였거나 보강하지 않은 진단용ㆍ실험실용 조제시약(도구모음 형태로 된 것인지에 상관없으며, 제3006호의 물품은 제외한다), 인증 표준물질","뒤편을 보강한 진단용ㆍ실험실용 시약과 뒷편을 보강하였거나 보강하지 않은 진단용ㆍ실험실용 조제시약(도구모음 형태로 된 것인지에 상관없으며, 제3006호의 물품은 제외한다), 인증 표준물질"
382219,3822,52HS4(수집완료),기타,"뒤편을 보강한 진단용ㆍ실험실용 시약과 뒷편을 보강하였거나 보강하지 않은 진단용ㆍ실험실용 조제시약(도구모음 형태로 된 것인지에 상관없으며, 제3006호의 물품은 제외한다), 인증 표준물질"
382290,3822,52HS4(수집완료),기타,"뒤편을 보강한 진단용ㆍ실험실용 시약과 뒷편을 보강하였거나 보강하지 않은 진단용ㆍ실험실용 조제시약(도구모음 형태로 된 것인지에 상관없으며, 제3006호의 물품은 제외한다), 인증 표준물질"
382311,3823,기존379(수집완료),"공업용 모노카르복시 지방산, 유지를 정제할 때 생긴 애시드유(acid oil), 공업용 지방성 알코올","공업용 모노카르복시 지방산, 유지를 정제할 때 생긴 애시드유(acid oil), 공업용 지방성 알코올"
382312,3823,사각지대(수집필요),"공업용 모노카르복시 지방산, 유지를 정제할 때 생긴 애시드유(acid oil), 공업용 지방성 알코올","공업용 모노카르복시 지방산, 유지를 정제할 때 생긴 애시드유(acid oil), 공업용 지방성 알코올"
382313,3823,사각지대(수집필요),"공업용 모노카르복시 지방산, 유지를 정제할 때 생긴 애시드유(acid oil), 공업용 지방성 알코올","공업용 모노카르복시 지방산, 유지를 정제할 때 생긴 애시드유(acid oil), 공업용 지방성 알코올"
382319,3823,기존379(수집완료),기타,"공업용 모노카르복시 지방산, 유지를 정제할 때 생긴 애시드유(acid oil), 공업용 지방성 알코올"
382370,3823,기존379(수집완료),공업용 지방성 알코올,"공업용 모노카르복시 지방산, 유지를 정제할 때 생긴 애시드유(acid oil), 공업용 지방성 알코올"
382530,3825,사각지대(15개월 거래0),감염성 폐기물,"따로 분류되지 않은 화학공업이나 연관공업에 따른 잔재물, 생활폐기물, 하수 찌꺼기, 이 류의 주 제6호의 그 밖의 폐기물"
382541,3825,사각지대(수집필요),"따로 분류되지 않은 화학공업이나 연관공업에 따른 잔재물, 생활폐기물, 하수 찌꺼기, 이 류의 주 제6호의 그 밖의 폐기물","따로 분류되지 않은 화학공업이나 연관공업에 따른 잔재물, 생활폐기물, 하수 찌꺼기, 이 류의 주 제6호의 그 밖의 폐기물"
382550,3825,사각지대(수집필요),"따로 분류되지 않은 화학공업이나 연관공업에 따른 잔재물, 생활폐기물, 하수 찌꺼기, 이 류의 주 제6호의 그 밖의 폐기물","따로 분류되지 않은 화학공업이나 연관공업에 따른 잔재물, 생활폐기물, 하수 찌꺼기, 이 류의 주 제6호의 그 밖의 폐기물"
382561,3825,기존379(수집완료),"따로 분류되지 않은 화학공업이나 연관공업에 따른 잔재물, 생활폐기물, 하수 찌꺼기, 이 류의 주 제6호의 그 밖의 폐기물","따로 분류되지 않은 화학공업이나 연관공업에 따른 잔재물, 생활폐기물, 하수 찌꺼기, 이 류의 주 제6호의 그 밖의 폐기물"
382569,3825,사각지대(수집필요),"따로 분류되지 않은 화학공업이나 연관공업에 따른 잔재물, 생활폐기물, 하수 찌꺼기, 이 류의 주 제6호의 그 밖의 폐기물","따로 분류되지 않은 화학공업이나 연관공업에 따른 잔재물, 생활폐기물, 하수 찌꺼기, 이 류의 주 제6호의 그 밖의 폐기물"
382590,3825,기존379(수집완료),기타,"따로 분류되지 않은 화학공업이나 연관공업에 따른 잔재물, 생활폐기물, 하수 찌꺼기, 이 류의 주 제6호의 그 밖의 폐기물"
382600,3826,기존379(수집완료),바이오디젤과 그 혼합물[석유나 역청유(瀝靑油)를 함유하지 않거나 중량기준으로 70 퍼센트 미만을 함유한 것으로 한정한다],바이오디젤과 그 혼합물[석유나 역청유(瀝靑油)를 함유하지 않거나 중량기준으로 70 퍼센트 미만을 함유한 것으로 한정한다]
382711,3827,사각지대(수집필요),염화불화탄소(CFCs)를 함유하는 것[수소염화불화탄소(HCFCs)ㆍ과불화탄소(PFCs)ㆍ수소불화탄소(HFCs)를 함유한 것인지에 상관없다],따로 분류되지 않은 메탄ㆍ에탄ㆍ프로판의 할로겐화 유도체를 함유한 혼합물
382713,3827,사각지대(수집필요),따로 분류되지 않은 메탄ㆍ에탄ㆍ프로판의 할로겐화 유도체를 함유한 혼합물,따로 분류되지 않은 메탄ㆍ에탄ㆍ프로판의 할로겐화 유도체를 함유한 혼합물
382714,3827,사각지대(수집필요),따로 분류되지 않은 메탄ㆍ에탄ㆍ프로판의 할로겐화 유도체를 함유한 혼합물,따로 분류되지 않은 메탄ㆍ에탄ㆍ프로판의 할로겐화 유도체를 함유한 혼합물
382731,3827,사각지대(수집필요),따로 분류되지 않은 메탄ㆍ에탄ㆍ프로판의 할로겐화 유도체를 함유한 혼합물,따로 분류되지 않은 메탄ㆍ에탄ㆍ프로판의 할로겐화 유도체를 함유한 혼합물
382732,3827,사각지대(수집필요),따로 분류되지 않은 메탄ㆍ에탄ㆍ프로판의 할로겐화 유도체를 함유한 혼합물,따로 분류되지 않은 메탄ㆍ에탄ㆍ프로판의 할로겐화 유도체를 함유한 혼합물
382739,3827,사각지대(수집필요),따로 분류되지 않은 메탄ㆍ에탄ㆍ프로판의 할로겐화 유도체를 함유한 혼합물,따로 분류되지 않은 메탄ㆍ에탄ㆍ프로판의 할로겐화 유도체를 함유한 혼합물
382740,3827,사각지대(수집필요),따로 분류되지 않은 메탄ㆍ에탄ㆍ프로판의 할로겐화 유도체를 함유한 혼합물,따로 분류되지 않은 메탄ㆍ에탄ㆍ프로판의 할로겐화 유도체를 함유한 혼합물
382751,3827,사각지대(수집필요),따로 분류되지 않은 메탄ㆍ에탄ㆍ프로판의 할로겐화 유도체를 함유한 혼합물,따로 분류되지 않은 메탄ㆍ에탄ㆍ프로판의 할로겐화 유도체를 함유한 혼합물
382761,3827,기존379(수집완료),따로 분류되지 않은 메탄ㆍ에탄ㆍ프로판의 할로겐화 유도체를 함유한 혼합물,따로 분류되지 않은 메탄ㆍ에탄ㆍ프로판의 할로겐화 유도체를 함유한 혼합물
382762,3827,사각지대(수집필요),따로 분류되지 않은 메탄ㆍ에탄ㆍ프로판의 할로겐화 유도체를 함유한 혼합물,따로 분류되지 않은 메탄ㆍ에탄ㆍ프로판의 할로겐화 유도체를 함유한 혼합물
382763,3827,사각지대(수집필요),따로 분류되지 않은 메탄ㆍ에탄ㆍ프로판의 할로겐화 유도체를 함유한 혼합물,따로 분류되지 않은 메탄ㆍ에탄ㆍ프로판의 할로겐화 유도체를 함유한 혼합물
382764,3827,사각지대(수집필요),따로 분류되지 않은 메탄ㆍ에탄ㆍ프로판의 할로겐화 유도체를 함유한 혼합물,따로 분류되지 않은 메탄ㆍ에탄ㆍ프로판의 할로겐화 유도체를 함유한 혼합물
382765,3827,사각지대(수집필요),따로 분류되지 않은 메탄ㆍ에탄ㆍ프로판의 할로겐화 유도체를 함유한 혼합물,따로 분류되지 않은 메탄ㆍ에탄ㆍ프로판의 할로겐화 유도체를 함유한 혼합물
382768,3827,사각지대(수집필요),따로 분류되지 않은 메탄ㆍ에탄ㆍ프로판의 할로겐화 유도체를 함유한 혼합물,따로 분류되지 않은 메탄ㆍ에탄ㆍ프로판의 할로겐화 유도체를 함유한 혼합물
382769,3827,사각지대(수집필요),따로 분류되지 않은 메탄ㆍ에탄ㆍ프로판의 할로겐화 유도체를 함유한 혼합물,따로 분류되지 않은 메탄ㆍ에탄ㆍ프로판의 할로겐화 유도체를 함유한 혼합물
382790,3827,사각지대(수집필요),따로 분류되지 않은 메탄ㆍ에탄ㆍ프로판의 할로겐화 유도체를 함유한 혼합물,따로 분류되지 않은 메탄ㆍ에탄ㆍ프로판의 할로겐화 유도체를 함유한 혼합물
390311,3903,기존379(수집완료),스티렌의 중합체[일차제품(primary form)으로 한정한다],스티렌의 중합체[일차제품(primary form)으로 한정한다]
390319,3903,사각지대(수집필요),스티렌의 중합체[일차제품(primary form)으로 한정한다],스티렌의 중합체[일차제품(primary form)으로 한정한다]
390320,3903,기존379(수집완료),스티렌의 중합체[일차제품(primary form)으로 한정한다],스티렌의 중합체[일차제품(primary form)으로 한정한다]
390330,3903,사각지대(수집필요),스티렌의 중합체[일차제품(primary form)으로 한정한다],스티렌의 중합체[일차제품(primary form)으로 한정한다]
390390,3903,사각지대(수집필요),기타,스티렌의 중합체[일차제품(primary form)으로 한정한다]
390410,3904,52HS4(수집완료),염화비닐의 중합체나 그 밖의 할로겐화 올레핀의 중합체[일차제품(primary form)으로 한정한다],염화비닐의 중합체나 그 밖의 할로겐화 올레핀의 중합체[일차제품(primary form)으로 한정한다]
390421,3904,52HS4(수집완료),염화비닐의 중합체나 그 밖의 할로겐화 올레핀의 중합체[일차제품(primary form)으로 한정한다],염화비닐의 중합체나 그 밖의 할로겐화 올레핀의 중합체[일차제품(primary form)으로 한정한다]
390422,3904,52HS4(수집완료),염화비닐의 중합체나 그 밖의 할로겐화 올레핀의 중합체[일차제품(primary form)으로 한정한다],염화비닐의 중합체나 그 밖의 할로겐화 올레핀의 중합체[일차제품(primary form)으로 한정한다]
390430,3904,52HS4(수집완료),염화비닐의 중합체나 그 밖의 할로겐화 올레핀의 중합체[일차제품(primary form)으로 한정한다],염화비닐의 중합체나 그 밖의 할로겐화 올레핀의 중합체[일차제품(primary form)으로 한정한다]
390440,3904,52HS4(수집완료),염화비닐의 중합체나 그 밖의 할로겐화 올레핀의 중합체[일차제품(primary form)으로 한정한다],염화비닐의 중합체나 그 밖의 할로겐화 올레핀의 중합체[일차제품(primary form)으로 한정한다]
390450,3904,52HS4(수집완료),염화비닐의 중합체나 그 밖의 할로겐화 올레핀의 중합체[일차제품(primary form)으로 한정한다],염화비닐의 중합체나 그 밖의 할로겐화 올레핀의 중합체[일차제품(primary form)으로 한정한다]
390461,3904,52HS4(수집완료),염화비닐의 중합체나 그 밖의 할로겐화 올레핀의 중합체[일차제품(primary form)으로 한정한다],염화비닐의 중합체나 그 밖의 할로겐화 올레핀의 중합체[일차제품(primary form)으로 한정한다]
390469,3904,52HS4(수집완료),기타,염화비닐의 중합체나 그 밖의 할로겐화 올레핀의 중합체[일차제품(primary form)으로 한정한다]
390490,3904,52HS4(수집완료),염화비닐의 중합체나 그 밖의 할로겐화 올레핀의 중합체[일차제품(primary form)으로 한정한다],염화비닐의 중합체나 그 밖의 할로겐화 올레핀의 중합체[일차제품(primary form)으로 한정한다]
390710,3907,기존379(수집완료),"폴리아세탈수지ㆍ그 밖의 폴리에테르와 에폭시수지, 폴리카보네이트ㆍ알키드수지ㆍ폴리아릴에스테르와 그 밖의 폴리에스테르[일차제품(primary form)으로 한정한다]","폴리아세탈수지ㆍ그 밖의 폴리에테르와 에폭시수지, 폴리카보네이트ㆍ알키드수지ㆍ폴리아릴에스테르와 그 밖의 폴리에스테르[일차제품(primary form)으로 한정한다]"
390721,3907,사각지대(수집필요),"폴리아세탈수지ㆍ그 밖의 폴리에테르와 에폭시수지, 폴리카보네이트ㆍ알키드수지ㆍ폴리아릴에스테르와 그 밖의 폴리에스테르[일차제품(primary form)으로 한정한다]","폴리아세탈수지ㆍ그 밖의 폴리에테르와 에폭시수지, 폴리카보네이트ㆍ알키드수지ㆍ폴리아릴에스테르와 그 밖의 폴리에스테르[일차제품(primary form)으로 한정한다]"
390729,3907,기존379(수집완료),기타,"폴리아세탈수지ㆍ그 밖의 폴리에테르와 에폭시수지, 폴리카보네이트ㆍ알키드수지ㆍ폴리아릴에스테르와 그 밖의 폴리에스테르[일차제품(primary form)으로 한정한다]"
390730,3907,기존379(수집완료),에폭시수지,"폴리아세탈수지ㆍ그 밖의 폴리에테르와 에폭시수지, 폴리카보네이트ㆍ알키드수지ㆍ폴리아릴에스테르와 그 밖의 폴리에스테르[일차제품(primary form)으로 한정한다]"
390740,3907,사각지대(수집필요),"폴리아세탈수지ㆍ그 밖의 폴리에테르와 에폭시수지, 폴리카보네이트ㆍ알키드수지ㆍ폴리아릴에스테르와 그 밖의 폴리에스테르[일차제품(primary form)으로 한정한다]","폴리아세탈수지ㆍ그 밖의 폴리에테르와 에폭시수지, 폴리카보네이트ㆍ알키드수지ㆍ폴리아릴에스테르와 그 밖의 폴리에스테르[일차제품(primary form)으로 한정한다]"
390750,3907,사각지대(수집필요),"폴리아세탈수지ㆍ그 밖의 폴리에테르와 에폭시수지, 폴리카보네이트ㆍ알키드수지ㆍ폴리아릴에스테르와 그 밖의 폴리에스테르[일차제품(primary form)으로 한정한다]","폴리아세탈수지ㆍ그 밖의 폴리에테르와 에폭시수지, 폴리카보네이트ㆍ알키드수지ㆍ폴리아릴에스테르와 그 밖의 폴리에스테르[일차제품(primary form)으로 한정한다]"
390761,3907,기존379(수집완료),"폴리아세탈수지ㆍ그 밖의 폴리에테르와 에폭시수지, 폴리카보네이트ㆍ알키드수지ㆍ폴리아릴에스테르와 그 밖의 폴리에스테르[일차제품(primary form)으로 한정한다]","폴리아세탈수지ㆍ그 밖의 폴리에테르와 에폭시수지, 폴리카보네이트ㆍ알키드수지ㆍ폴리아릴에스테르와 그 밖의 폴리에스테르[일차제품(primary form)으로 한정한다]"
390769,3907,기존379(수집완료),"폴리아세탈수지ㆍ그 밖의 폴리에테르와 에폭시수지, 폴리카보네이트ㆍ알키드수지ㆍ폴리아릴에스테르와 그 밖의 폴리에스테르[일차제품(primary form)으로 한정한다]","폴리아세탈수지ㆍ그 밖의 폴리에테르와 에폭시수지, 폴리카보네이트ㆍ알키드수지ㆍ폴리아릴에스테르와 그 밖의 폴리에스테르[일차제품(primary form)으로 한정한다]"
390770,3907,사각지대(수집필요),"폴리아세탈수지ㆍ그 밖의 폴리에테르와 에폭시수지, 폴리카보네이트ㆍ알키드수지ㆍ폴리아릴에스테르와 그 밖의 폴리에스테르[일차제품(primary form)으로 한정한다]","폴리아세탈수지ㆍ그 밖의 폴리에테르와 에폭시수지, 폴리카보네이트ㆍ알키드수지ㆍ폴리아릴에스테르와 그 밖의 폴리에스테르[일차제품(primary form)으로 한정한다]"
390791,3907,사각지대(수집필요),"폴리아세탈수지ㆍ그 밖의 폴리에테르와 에폭시수지, 폴리카보네이트ㆍ알키드수지ㆍ폴리아릴에스테르와 그 밖의 폴리에스테르[일차제품(primary form)으로 한정한다]","폴리아세탈수지ㆍ그 밖의 폴리에테르와 에폭시수지, 폴리카보네이트ㆍ알키드수지ㆍ폴리아릴에스테르와 그 밖의 폴리에스테르[일차제품(primary form)으로 한정한다]"
390799,3907,기존379(수집완료),기타,"폴리아세탈수지ㆍ그 밖의 폴리에테르와 에폭시수지, 폴리카보네이트ㆍ알키드수지ㆍ폴리아릴에스테르와 그 밖의 폴리에스테르[일차제품(primary form)으로 한정한다]"
390810,3908,기존379(수집완료),"폴리아미드-6, -11, -12, -6,6, -6,9, -6,10 또는 -6,12",폴리아미드[일차제품(primary form)으로 한정한다]
390890,3908,사각지대(수집필요),폴리아미드[일차제품(primary form)으로 한정한다],폴리아미드[일차제품(primary form)으로 한정한다]
390910,3909,사각지대(수집필요),아미노수지ㆍ페놀수지ㆍ폴리우레탄[일차제품(primary form)으로 한정한다],아미노수지ㆍ페놀수지ㆍ폴리우레탄[일차제품(primary form)으로 한정한다]
390920,3909,사각지대(수집필요),아미노수지ㆍ페놀수지ㆍ폴리우레탄[일차제품(primary form)으로 한정한다],아미노수지ㆍ페놀수지ㆍ폴리우레탄[일차제품(primary form)으로 한정한다]
390931,3909,기존379(수집완료),아미노수지ㆍ페놀수지ㆍ폴리우레탄[일차제품(primary form)으로 한정한다],아미노수지ㆍ페놀수지ㆍ폴리우레탄[일차제품(primary form)으로 한정한다]
390939,3909,사각지대(수집필요),아미노수지ㆍ페놀수지ㆍ폴리우레탄[일차제품(primary form)으로 한정한다],아미노수지ㆍ페놀수지ㆍ폴리우레탄[일차제품(primary form)으로 한정한다]
390940,3909,사각지대(수집필요),아미노수지ㆍ페놀수지ㆍ폴리우레탄[일차제품(primary form)으로 한정한다],아미노수지ㆍ페놀수지ㆍ폴리우레탄[일차제품(primary form)으로 한정한다]
390950,3909,사각지대(수집필요),아미노수지ㆍ페놀수지ㆍ폴리우레탄[일차제품(primary form)으로 한정한다],아미노수지ㆍ페놀수지ㆍ폴리우레탄[일차제품(primary form)으로 한정한다]
391000,3910,기존379(수집완료),실리콘수지[일차제품(primary form)으로 한정한다],실리콘수지[일차제품(primary form)으로 한정한다]
391211,3912,기존379(수집완료),셀룰로오스와 그 화학적 유도체[일차제품(primary form)으로서 따로 분류되지 않은 것으로 한정한다],셀룰로오스와 그 화학적 유도체[일차제품(primary form)으로서 따로 분류되지 않은 것으로 한정한다]
391212,3912,사각지대(수집필요),셀룰로오스와 그 화학적 유도체[일차제품(primary form)으로서 따로 분류되지 않은 것으로 한정한다],셀룰로오스와 그 화학적 유도체[일차제품(primary form)으로서 따로 분류되지 않은 것으로 한정한다]
391220,3912,사각지대(수집필요),셀룰로오스와 그 화학적 유도체[일차제품(primary form)으로서 따로 분류되지 않은 것으로 한정한다],셀룰로오스와 그 화학적 유도체[일차제품(primary form)으로서 따로 분류되지 않은 것으로 한정한다]
391231,3912,기존379(수집완료),카르복시메틸셀룰로오스와 그 염,셀룰로오스와 그 화학적 유도체[일차제품(primary form)으로서 따로 분류되지 않은 것으로 한정한다]
391239,3912,사각지대(수집필요),기타,셀룰로오스와 그 화학적 유도체[일차제품(primary form)으로서 따로 분류되지 않은 것으로 한정한다]
391290,3912,사각지대(수집필요),셀룰로오스와 그 화학적 유도체[일차제품(primary form)으로서 따로 분류되지 않은 것으로 한정한다],셀룰로오스와 그 화학적 유도체[일차제품(primary form)으로서 따로 분류되지 않은 것으로 한정한다]
391310,3913,기존379(수집완료),알긴산과 그 염ㆍ에스테르,"천연중합체(예: 알긴산)와 변성한 천연중합체(예: 경화 단백질, 천연고무의 화학적 유도체)[일차제품(primary form)으로서 따로 분류되지 않은 것으로 한정한다]"
391390,3913,기존379(수집완료),기타,"천연중합체(예: 알긴산)와 변성한 천연중합체(예: 경화 단백질, 천연고무의 화학적 유도체)[일차제품(primary form)으로서 따로 분류되지 않은 것으로 한정한다]"
391610,3916,기존379(수집완료),"플라스틱의 모노필라멘트(횡단면의 치수가 1밀리미터를 초과하는 것으로 한정한다)ㆍ막대(rod, stick)ㆍ형재(形材)(표면 가공을 한 것인지에 상관없으며 그 밖의 가공한 것은 제외한다)","플라스틱의 모노필라멘트(횡단면의 치수가 1밀리미터를 초과하는 것으로 한정한다)ㆍ막대(rod, stick)ㆍ형재(形材)(표면 가공을 한 것인지에 상관없으며 그 밖의 가공한 것은 제외한다)"
391620,3916,사각지대(수집필요),"플라스틱의 모노필라멘트(횡단면의 치수가 1밀리미터를 초과하는 것으로 한정한다)ㆍ막대(rod, stick)ㆍ형재(形材)(표면 가공을 한 것인지에 상관없으며 그 밖의 가공한 것은 제외한다)","플라스틱의 모노필라멘트(횡단면의 치수가 1밀리미터를 초과하는 것으로 한정한다)ㆍ막대(rod, stick)ㆍ형재(形材)(표면 가공을 한 것인지에 상관없으며 그 밖의 가공한 것은 제외한다)"
391690,3916,기존379(수집완료),그 밖의 플라스틱으로 만든 것,"플라스틱의 모노필라멘트(횡단면의 치수가 1밀리미터를 초과하는 것으로 한정한다)ㆍ막대(rod, stick)ㆍ형재(形材)(표면 가공을 한 것인지에 상관없으며 그 밖의 가공한 것은 제외한다)"
391810,3918,사각지대(수집필요),염화비닐의 중합체로 만든 것,"플라스틱으로 만든 바닥깔개(접착성이 있는지에 상관없으며 롤이나 타일 모양으로 한정한다), 이 류의 주 제9호의 플라스틱으로 만든 벽 피복재나 천장 피복재"
391890,3918,기존379(수집완료),"플라스틱으로 만든 바닥깔개(접착성이 있는지에 상관없으며 롤이나 타일 모양으로 한정한다), 이 류의 주 제9호의 플라스틱으로 만든 벽 피복재나 천장 피복재","플라스틱으로 만든 바닥깔개(접착성이 있는지에 상관없으며 롤이나 타일 모양으로 한정한다), 이 류의 주 제9호의 플라스틱으로 만든 벽 피복재나 천장 피복재"
391910,3919,52HS4(수집완료),플라스틱으로 만든 접착성 판ㆍ시트(sheet)ㆍ필름ㆍ박(箔)ㆍ테이프ㆍ스트립과 그 밖의 평면 모양인 것(롤 모양인지에 상관없다),플라스틱으로 만든 접착성 판ㆍ시트(sheet)ㆍ필름ㆍ박(箔)ㆍ테이프ㆍ스트립과 그 밖의 평면 모양인 것(롤 모양인지에 상관없다)
391990,3919,52HS4(수집완료),플라스틱으로 만든 접착성 판ㆍ시트(sheet)ㆍ필름ㆍ박(箔)ㆍ테이프ㆍ스트립과 그 밖의 평면 모양인 것(롤 모양인지에 상관없다),플라스틱으로 만든 접착성 판ㆍ시트(sheet)ㆍ필름ㆍ박(箔)ㆍ테이프ㆍ스트립과 그 밖의 평면 모양인 것(롤 모양인지에 상관없다)
392010,3920,사각지대(수집필요),플라스틱으로 만든 그 밖의 판ㆍ시트(sheet)ㆍ필름ㆍ박(箔)ㆍ스트립(셀룰러가 아닌 것으로서 그 밖의 재료로 보강ㆍ적층ㆍ지지하거나 이와 유사하게 결합하지 않은 것으로 한정한다),플라스틱으로 만든 그 밖의 판ㆍ시트(sheet)ㆍ필름ㆍ박(箔)ㆍ스트립(셀룰러가 아닌 것으로서 그 밖의 재료로 보강ㆍ적층ㆍ지지하거나 이와 유사하게 결합하지 않은 것으로 한정한다)
392020,3920,사각지대(수집필요),플라스틱으로 만든 그 밖의 판ㆍ시트(sheet)ㆍ필름ㆍ박(箔)ㆍ스트립(셀룰러가 아닌 것으로서 그 밖의 재료로 보강ㆍ적층ㆍ지지하거나 이와 유사하게 결합하지 않은 것으로 한정한다),플라스틱으로 만든 그 밖의 판ㆍ시트(sheet)ㆍ필름ㆍ박(箔)ㆍ스트립(셀룰러가 아닌 것으로서 그 밖의 재료로 보강ㆍ적층ㆍ지지하거나 이와 유사하게 결합하지 않은 것으로 한정한다)
392030,3920,기존379(수집완료),플라스틱으로 만든 그 밖의 판ㆍ시트(sheet)ㆍ필름ㆍ박(箔)ㆍ스트립(셀룰러가 아닌 것으로서 그 밖의 재료로 보강ㆍ적층ㆍ지지하거나 이와 유사하게 결합하지 않은 것으로 한정한다),플라스틱으로 만든 그 밖의 판ㆍ시트(sheet)ㆍ필름ㆍ박(箔)ㆍ스트립(셀룰러가 아닌 것으로서 그 밖의 재료로 보강ㆍ적층ㆍ지지하거나 이와 유사하게 결합하지 않은 것으로 한정한다)
392043,3920,사각지대(수집필요),플라스틱으로 만든 그 밖의 판ㆍ시트(sheet)ㆍ필름ㆍ박(箔)ㆍ스트립(셀룰러가 아닌 것으로서 그 밖의 재료로 보강ㆍ적층ㆍ지지하거나 이와 유사하게 결합하지 않은 것으로 한정한다),플라스틱으로 만든 그 밖의 판ㆍ시트(sheet)ㆍ필름ㆍ박(箔)ㆍ스트립(셀룰러가 아닌 것으로서 그 밖의 재료로 보강ㆍ적층ㆍ지지하거나 이와 유사하게 결합하지 않은 것으로 한정한다)
392049,3920,사각지대(수집필요),플라스틱으로 만든 그 밖의 판ㆍ시트(sheet)ㆍ필름ㆍ박(箔)ㆍ스트립(셀룰러가 아닌 것으로서 그 밖의 재료로 보강ㆍ적층ㆍ지지하거나 이와 유사하게 결합하지 않은 것으로 한정한다),플라스틱으로 만든 그 밖의 판ㆍ시트(sheet)ㆍ필름ㆍ박(箔)ㆍ스트립(셀룰러가 아닌 것으로서 그 밖의 재료로 보강ㆍ적층ㆍ지지하거나 이와 유사하게 결합하지 않은 것으로 한정한다)
392051,3920,사각지대(수집필요),플라스틱으로 만든 그 밖의 판ㆍ시트(sheet)ㆍ필름ㆍ박(箔)ㆍ스트립(셀룰러가 아닌 것으로서 그 밖의 재료로 보강ㆍ적층ㆍ지지하거나 이와 유사하게 결합하지 않은 것으로 한정한다),플라스틱으로 만든 그 밖의 판ㆍ시트(sheet)ㆍ필름ㆍ박(箔)ㆍ스트립(셀룰러가 아닌 것으로서 그 밖의 재료로 보강ㆍ적층ㆍ지지하거나 이와 유사하게 결합하지 않은 것으로 한정한다)
392059,3920,기존379(수집완료),플라스틱으로 만든 그 밖의 판ㆍ시트(sheet)ㆍ필름ㆍ박(箔)ㆍ스트립(셀룰러가 아닌 것으로서 그 밖의 재료로 보강ㆍ적층ㆍ지지하거나 이와 유사하게 결합하지 않은 것으로 한정한다),플라스틱으로 만든 그 밖의 판ㆍ시트(sheet)ㆍ필름ㆍ박(箔)ㆍ스트립(셀룰러가 아닌 것으로서 그 밖의 재료로 보강ㆍ적층ㆍ지지하거나 이와 유사하게 결합하지 않은 것으로 한정한다)
392061,3920,사각지대(수집필요),플라스틱으로 만든 그 밖의 판ㆍ시트(sheet)ㆍ필름ㆍ박(箔)ㆍ스트립(셀룰러가 아닌 것으로서 그 밖의 재료로 보강ㆍ적층ㆍ지지하거나 이와 유사하게 결합하지 않은 것으로 한정한다),플라스틱으로 만든 그 밖의 판ㆍ시트(sheet)ㆍ필름ㆍ박(箔)ㆍ스트립(셀룰러가 아닌 것으로서 그 밖의 재료로 보강ㆍ적층ㆍ지지하거나 이와 유사하게 결합하지 않은 것으로 한정한다)
392062,3920,기존379(수집완료),플라스틱으로 만든 그 밖의 판ㆍ시트(sheet)ㆍ필름ㆍ박(箔)ㆍ스트립(셀룰러가 아닌 것으로서 그 밖의 재료로 보강ㆍ적층ㆍ지지하거나 이와 유사하게 결합하지 않은 것으로 한정한다),플라스틱으로 만든 그 밖의 판ㆍ시트(sheet)ㆍ필름ㆍ박(箔)ㆍ스트립(셀룰러가 아닌 것으로서 그 밖의 재료로 보강ㆍ적층ㆍ지지하거나 이와 유사하게 결합하지 않은 것으로 한정한다)
392063,3920,사각지대(수집필요),플라스틱으로 만든 그 밖의 판ㆍ시트(sheet)ㆍ필름ㆍ박(箔)ㆍ스트립(셀룰러가 아닌 것으로서 그 밖의 재료로 보강ㆍ적층ㆍ지지하거나 이와 유사하게 결합하지 않은 것으로 한정한다),플라스틱으로 만든 그 밖의 판ㆍ시트(sheet)ㆍ필름ㆍ박(箔)ㆍ스트립(셀룰러가 아닌 것으로서 그 밖의 재료로 보강ㆍ적층ㆍ지지하거나 이와 유사하게 결합하지 않은 것으로 한정한다)
392069,3920,기존379(수집완료),플라스틱으로 만든 그 밖의 판ㆍ시트(sheet)ㆍ필름ㆍ박(箔)ㆍ스트립(셀룰러가 아닌 것으로서 그 밖의 재료로 보강ㆍ적층ㆍ지지하거나 이와 유사하게 결합하지 않은 것으로 한정한다),플라스틱으로 만든 그 밖의 판ㆍ시트(sheet)ㆍ필름ㆍ박(箔)ㆍ스트립(셀룰러가 아닌 것으로서 그 밖의 재료로 보강ㆍ적층ㆍ지지하거나 이와 유사하게 결합하지 않은 것으로 한정한다)
392071,3920,기존379(수집완료),플라스틱으로 만든 그 밖의 판ㆍ시트(sheet)ㆍ필름ㆍ박(箔)ㆍ스트립(셀룰러가 아닌 것으로서 그 밖의 재료로 보강ㆍ적층ㆍ지지하거나 이와 유사하게 결합하지 않은 것으로 한정한다),플라스틱으로 만든 그 밖의 판ㆍ시트(sheet)ㆍ필름ㆍ박(箔)ㆍ스트립(셀룰러가 아닌 것으로서 그 밖의 재료로 보강ㆍ적층ㆍ지지하거나 이와 유사하게 결합하지 않은 것으로 한정한다)
392073,3920,기존379(수집완료),플라스틱으로 만든 그 밖의 판ㆍ시트(sheet)ㆍ필름ㆍ박(箔)ㆍ스트립(셀룰러가 아닌 것으로서 그 밖의 재료로 보강ㆍ적층ㆍ지지하거나 이와 유사하게 결합하지 않은 것으로 한정한다),플라스틱으로 만든 그 밖의 판ㆍ시트(sheet)ㆍ필름ㆍ박(箔)ㆍ스트립(셀룰러가 아닌 것으로서 그 밖의 재료로 보강ㆍ적층ㆍ지지하거나 이와 유사하게 결합하지 않은 것으로 한정한다)
392079,3920,사각지대(수집필요),그 밖의 셀룰로오스 유도체로 만든 것,플라스틱으로 만든 그 밖의 판ㆍ시트(sheet)ㆍ필름ㆍ박(箔)ㆍ스트립(셀룰러가 아닌 것으로서 그 밖의 재료로 보강ㆍ적층ㆍ지지하거나 이와 유사하게 결합하지 않은 것으로 한정한다)
392091,3920,기존379(수집완료),플라스틱으로 만든 그 밖의 판ㆍ시트(sheet)ㆍ필름ㆍ박(箔)ㆍ스트립(셀룰러가 아닌 것으로서 그 밖의 재료로 보강ㆍ적층ㆍ지지하거나 이와 유사하게 결합하지 않은 것으로 한정한다),플라스틱으로 만든 그 밖의 판ㆍ시트(sheet)ㆍ필름ㆍ박(箔)ㆍ스트립(셀룰러가 아닌 것으로서 그 밖의 재료로 보강ㆍ적층ㆍ지지하거나 이와 유사하게 결합하지 않은 것으로 한정한다)
392092,3920,기존379(수집완료),플라스틱으로 만든 그 밖의 판ㆍ시트(sheet)ㆍ필름ㆍ박(箔)ㆍ스트립(셀룰러가 아닌 것으로서 그 밖의 재료로 보강ㆍ적층ㆍ지지하거나 이와 유사하게 결합하지 않은 것으로 한정한다),플라스틱으로 만든 그 밖의 판ㆍ시트(sheet)ㆍ필름ㆍ박(箔)ㆍ스트립(셀룰러가 아닌 것으로서 그 밖의 재료로 보강ㆍ적층ㆍ지지하거나 이와 유사하게 결합하지 않은 것으로 한정한다)
392093,3920,사각지대(수집필요),플라스틱으로 만든 그 밖의 판ㆍ시트(sheet)ㆍ필름ㆍ박(箔)ㆍ스트립(셀룰러가 아닌 것으로서 그 밖의 재료로 보강ㆍ적층ㆍ지지하거나 이와 유사하게 결합하지 않은 것으로 한정한다),플라스틱으로 만든 그 밖의 판ㆍ시트(sheet)ㆍ필름ㆍ박(箔)ㆍ스트립(셀룰러가 아닌 것으로서 그 밖의 재료로 보강ㆍ적층ㆍ지지하거나 이와 유사하게 결합하지 않은 것으로 한정한다)
392094,3920,사각지대(수집필요),플라스틱으로 만든 그 밖의 판ㆍ시트(sheet)ㆍ필름ㆍ박(箔)ㆍ스트립(셀룰러가 아닌 것으로서 그 밖의 재료로 보강ㆍ적층ㆍ지지하거나 이와 유사하게 결합하지 않은 것으로 한정한다),플라스틱으로 만든 그 밖의 판ㆍ시트(sheet)ㆍ필름ㆍ박(箔)ㆍ스트립(셀룰러가 아닌 것으로서 그 밖의 재료로 보강ㆍ적층ㆍ지지하거나 이와 유사하게 결합하지 않은 것으로 한정한다)
392099,3920,기존379(수집완료),그 밖의 플라스틱으로 만든 것,플라스틱으로 만든 그 밖의 판ㆍ시트(sheet)ㆍ필름ㆍ박(箔)ㆍ스트립(셀룰러가 아닌 것으로서 그 밖의 재료로 보강ㆍ적층ㆍ지지하거나 이와 유사하게 결합하지 않은 것으로 한정한다)
392111,3921,사각지대(수집필요),플라스틱으로 만든 그 밖의 판ㆍ시트(sheet)ㆍ필름ㆍ박(箔)ㆍ스트립,플라스틱으로 만든 그 밖의 판ㆍ시트(sheet)ㆍ필름ㆍ박(箔)ㆍ스트립
392112,3921,기존379(수집완료),플라스틱으로 만든 그 밖의 판ㆍ시트(sheet)ㆍ필름ㆍ박(箔)ㆍ스트립,플라스틱으로 만든 그 밖의 판ㆍ시트(sheet)ㆍ필름ㆍ박(箔)ㆍ스트립
392113,3921,기존379(수집완료),플라스틱으로 만든 그 밖의 판ㆍ시트(sheet)ㆍ필름ㆍ박(箔)ㆍ스트립,플라스틱으로 만든 그 밖의 판ㆍ시트(sheet)ㆍ필름ㆍ박(箔)ㆍ스트립
392114,3921,사각지대(수집필요),플라스틱으로 만든 그 밖의 판ㆍ시트(sheet)ㆍ필름ㆍ박(箔)ㆍ스트립,플라스틱으로 만든 그 밖의 판ㆍ시트(sheet)ㆍ필름ㆍ박(箔)ㆍ스트립
392119,3921,기존379(수집완료),그 밖의 플라스틱으로 만든 것,플라스틱으로 만든 그 밖의 판ㆍ시트(sheet)ㆍ필름ㆍ박(箔)ㆍ스트립
392190,3921,기존379(수집완료),기타,플라스틱으로 만든 그 밖의 판ㆍ시트(sheet)ㆍ필름ㆍ박(箔)ㆍ스트립
400300,4003,52HS4(수집완료),재생고무[일차제품(primary form)ㆍ판ㆍ시트(sheet)ㆍ스트립 모양으로 한정한다],재생고무[일차제품(primary form)ㆍ판ㆍ시트(sheet)ㆍ스트립 모양으로 한정한다]
400400,4004,기존379(수집완료),고무의 웨이스트(waste)ㆍ페어링(paring)ㆍ스크랩(scrap)[경질(硬質)고무인 것은 제외한다]과 이들의 가루와 알갱이,고무의 웨이스트(waste)ㆍ페어링(paring)ㆍ스크랩(scrap)[경질(硬質)고무인 것은 제외한다]과 이들의 가루와 알갱이
680100,6801,기존379(수집완료),"포석ㆍ연석ㆍ판석[천연 석재로 한정하며, 슬레이트(slate)는 제외한다]","포석ㆍ연석ㆍ판석[천연 석재로 한정하며, 슬레이트(slate)는 제외한다]"
680210,6802,사각지대(수집필요),"가공한 석비용ㆍ건축용 석재[슬레이트(slate)는 제외한다]와 이들의 제품(제6801호의 물품은 제외한다), 모자이크 큐브와 이와 유사한 것[천연 석재의 것으로서 슬레이트(slate) 제품을 포함하며, 뒷면을 보강한 것인지에 상관없다], 인공적으로 착색한 천연 석재[슬레이트(slate)를 포함한다]의 알갱이ㆍ조각ㆍ가루","가공한 석비용ㆍ건축용 석재[슬레이트(slate)는 제외한다]와 이들의 제품(제6801호의 물품은 제외한다), 모자이크 큐브와 이와 유사한 것[천연 석재의 것으로서 슬레이트(slate) 제품을 포함하며, 뒷면을 보강한 것인지에 상관없다], 인공적으로 착색한 천연 석재[슬레이트(slate)를 포함한다]의 알갱이ㆍ조각ㆍ가루"
680221,6802,사각지대(수집필요),대리석ㆍ트래버틴(travertine)ㆍ설화석고(alabaster),"가공한 석비용ㆍ건축용 석재[슬레이트(slate)는 제외한다]와 이들의 제품(제6801호의 물품은 제외한다), 모자이크 큐브와 이와 유사한 것[천연 석재의 것으로서 슬레이트(slate) 제품을 포함하며, 뒷면을 보강한 것인지에 상관없다], 인공적으로 착색한 천연 석재[슬레이트(slate)를 포함한다]의 알갱이ㆍ조각ㆍ가루"
680223,6802,사각지대(수집필요),"가공한 석비용ㆍ건축용 석재[슬레이트(slate)는 제외한다]와 이들의 제품(제6801호의 물품은 제외한다), 모자이크 큐브와 이와 유사한 것[천연 석재의 것으로서 슬레이트(slate) 제품을 포함하며, 뒷면을 보강한 것인지에 상관없다], 인공적으로 착색한 천연 석재[슬레이트(slate)를 포함한다]의 알갱이ㆍ조각ㆍ가루","가공한 석비용ㆍ건축용 석재[슬레이트(slate)는 제외한다]와 이들의 제품(제6801호의 물품은 제외한다), 모자이크 큐브와 이와 유사한 것[천연 석재의 것으로서 슬레이트(slate) 제품을 포함하며, 뒷면을 보강한 것인지에 상관없다], 인공적으로 착색한 천연 석재[슬레이트(slate)를 포함한다]의 알갱이ㆍ조각ㆍ가루"
680229,6802,사각지대(수집필요),그 밖의 돌,"가공한 석비용ㆍ건축용 석재[슬레이트(slate)는 제외한다]와 이들의 제품(제6801호의 물품은 제외한다), 모자이크 큐브와 이와 유사한 것[천연 석재의 것으로서 슬레이트(slate) 제품을 포함하며, 뒷면을 보강한 것인지에 상관없다], 인공적으로 착색한 천연 석재[슬레이트(slate)를 포함한다]의 알갱이ㆍ조각ㆍ가루"
680291,6802,기존379(수집완료),대리석ㆍ트래버틴(travertine)ㆍ설화석고(alabaster),"가공한 석비용ㆍ건축용 석재[슬레이트(slate)는 제외한다]와 이들의 제품(제6801호의 물품은 제외한다), 모자이크 큐브와 이와 유사한 것[천연 석재의 것으로서 슬레이트(slate) 제품을 포함하며, 뒷면을 보강한 것인지에 상관없다], 인공적으로 착색한 천연 석재[슬레이트(slate)를 포함한다]의 알갱이ㆍ조각ㆍ가루"
680292,6802,사각지대(수집필요),"가공한 석비용ㆍ건축용 석재[슬레이트(slate)는 제외한다]와 이들의 제품(제6801호의 물품은 제외한다), 모자이크 큐브와 이와 유사한 것[천연 석재의 것으로서 슬레이트(slate) 제품을 포함하며, 뒷면을 보강한 것인지에 상관없다], 인공적으로 착색한 천연 석재[슬레이트(slate)를 포함한다]의 알갱이ㆍ조각ㆍ가루","가공한 석비용ㆍ건축용 석재[슬레이트(slate)는 제외한다]와 이들의 제품(제6801호의 물품은 제외한다), 모자이크 큐브와 이와 유사한 것[천연 석재의 것으로서 슬레이트(slate) 제품을 포함하며, 뒷면을 보강한 것인지에 상관없다], 인공적으로 착색한 천연 석재[슬레이트(slate)를 포함한다]의 알갱이ㆍ조각ㆍ가루"
680293,6802,기존379(수집완료),"가공한 석비용ㆍ건축용 석재[슬레이트(slate)는 제외한다]와 이들의 제품(제6801호의 물품은 제외한다), 모자이크 큐브와 이와 유사한 것[천연 석재의 것으로서 슬레이트(slate) 제품을 포함하며, 뒷면을 보강한 것인지에 상관없다], 인공적으로 착색한 천연 석재[슬레이트(slate)를 포함한다]의 알갱이ㆍ조각ㆍ가루","가공한 석비용ㆍ건축용 석재[슬레이트(slate)는 제외한다]와 이들의 제품(제6801호의 물품은 제외한다), 모자이크 큐브와 이와 유사한 것[천연 석재의 것으로서 슬레이트(slate) 제품을 포함하며, 뒷면을 보강한 것인지에 상관없다], 인공적으로 착색한 천연 석재[슬레이트(slate)를 포함한다]의 알갱이ㆍ조각ㆍ가루"
680299,6802,사각지대(수집필요),"가공한 석비용ㆍ건축용 석재[슬레이트(slate)는 제외한다]와 이들의 제품(제6801호의 물품은 제외한다), 모자이크 큐브와 이와 유사한 것[천연 석재의 것으로서 슬레이트(slate) 제품을 포함하며, 뒷면을 보강한 것인지에 상관없다], 인공적으로 착색한 천연 석재[슬레이트(slate)를 포함한다]의 알갱이ㆍ조각ㆍ가루","가공한 석비용ㆍ건축용 석재[슬레이트(slate)는 제외한다]와 이들의 제품(제6801호의 물품은 제외한다), 모자이크 큐브와 이와 유사한 것[천연 석재의 것으로서 슬레이트(slate) 제품을 포함하며, 뒷면을 보강한 것인지에 상관없다], 인공적으로 착색한 천연 석재[슬레이트(slate)를 포함한다]의 알갱이ㆍ조각ㆍ가루"
680800,6808,기존379(수집완료),패널ㆍ보드ㆍ타일ㆍ블록과 이와 유사한 물품[식물성 섬유ㆍ짚ㆍ목재의 대팻밥ㆍ칩ㆍ파티클(particle)ㆍ톱밥이나 그 밖의 웨이스트(waste)를 시멘트ㆍ플라스터(plaster)나 그 밖의 광물성 결합재로 응결시킨 것으로 한정한다],패널ㆍ보드ㆍ타일ㆍ블록과 이와 유사한 물품[식물성 섬유ㆍ짚ㆍ목재의 대팻밥ㆍ칩ㆍ파티클(particle)ㆍ톱밥이나 그 밖의 웨이스트(waste)를 시멘트ㆍ플라스터(plaster)나 그 밖의 광물성 결합재로 응결시킨 것으로 한정한다]
680911,6809,기존379(수집완료),플라스터(plaster) 제품이나 플라스터(plaster)를 기본 재료로 조합한 제품,플라스터(plaster) 제품이나 플라스터(plaster)를 기본 재료로 조합한 제품
680919,6809,사각지대(수집필요),플라스터(plaster) 제품이나 플라스터(plaster)를 기본 재료로 조합한 제품,플라스터(plaster) 제품이나 플라스터(plaster)를 기본 재료로 조합한 제품
680990,6809,사각지대(수집필요),플라스터(plaster) 제품이나 플라스터(plaster)를 기본 재료로 조합한 제품,플라스터(plaster) 제품이나 플라스터(plaster)를 기본 재료로 조합한 제품
681011,6810,사각지대(수집필요),건축용 블록과 벽돌,시멘트 제품ㆍ콘크리트 제품ㆍ인조석 제품(보강한 것인지에 상관없다)
681019,6810,기존379(수집완료),기타,시멘트 제품ㆍ콘크리트 제품ㆍ인조석 제품(보강한 것인지에 상관없다)
681091,6810,사각지대(수집필요),시멘트 제품ㆍ콘크리트 제품ㆍ인조석 제품(보강한 것인지에 상관없다),시멘트 제품ㆍ콘크리트 제품ㆍ인조석 제품(보강한 것인지에 상관없다)
681099,6810,사각지대(수집필요),기타,시멘트 제품ㆍ콘크리트 제품ㆍ인조석 제품(보강한 것인지에 상관없다)
681140,6811,52HS4(수집완료),석면시멘트 제품ㆍ셀룰로오스파이버시멘트 제품이나 이와 유사한 것,석면시멘트 제품ㆍ셀룰로오스파이버시멘트 제품이나 이와 유사한 것
681181,6811,52HS4(수집완료),석면시멘트 제품ㆍ셀룰로오스파이버시멘트 제품이나 이와 유사한 것,석면시멘트 제품ㆍ셀룰로오스파이버시멘트 제품이나 이와 유사한 것
681182,6811,52HS4(수집완료),석면시멘트 제품ㆍ셀룰로오스파이버시멘트 제품이나 이와 유사한 것,석면시멘트 제품ㆍ셀룰로오스파이버시멘트 제품이나 이와 유사한 것
681189,6811,52HS4(수집완료),석면시멘트 제품ㆍ셀룰로오스파이버시멘트 제품이나 이와 유사한 것,석면시멘트 제품ㆍ셀룰로오스파이버시멘트 제품이나 이와 유사한 것
681320,6813,사각지대(수집필요),"마찰 재료와 그 제품[예: 시트(sheet)ㆍ롤ㆍ스트립(strip)ㆍ세그먼트ㆍ디스크(disc)ㆍ와셔(washer)ㆍ패드](장착되지 않은 것으로서 브레이크용ㆍ클러치용이나 이와 유사한 용도의 석면ㆍ그 밖의 광물성 재료ㆍ셀룰로오스를 기본 재료로 한 것으로 한정하며, 직물이나 그 밖의 재료와 결합한 것인지에 상관없다)","마찰 재료와 그 제품[예: 시트(sheet)ㆍ롤ㆍ스트립(strip)ㆍ세그먼트ㆍ디스크(disc)ㆍ와셔(washer)ㆍ패드](장착되지 않은 것으로서 브레이크용ㆍ클러치용이나 이와 유사한 용도의 석면ㆍ그 밖의 광물성 재료ㆍ셀룰로오스를 기본 재료로 한 것으로 한정하며, 직물이나 그 밖의 재료와 결합한 것인지에 상관없다)"
681381,6813,기존379(수집완료),"마찰 재료와 그 제품[예: 시트(sheet)ㆍ롤ㆍ스트립(strip)ㆍ세그먼트ㆍ디스크(disc)ㆍ와셔(washer)ㆍ패드](장착되지 않은 것으로서 브레이크용ㆍ클러치용이나 이와 유사한 용도의 석면ㆍ그 밖의 광물성 재료ㆍ셀룰로오스를 기본 재료로 한 것으로 한정하며, 직물이나 그 밖의 재료와 결합한 것인지에 상관없다)","마찰 재료와 그 제품[예: 시트(sheet)ㆍ롤ㆍ스트립(strip)ㆍ세그먼트ㆍ디스크(disc)ㆍ와셔(washer)ㆍ패드](장착되지 않은 것으로서 브레이크용ㆍ클러치용이나 이와 유사한 용도의 석면ㆍ그 밖의 광물성 재료ㆍ셀룰로오스를 기본 재료로 한 것으로 한정하며, 직물이나 그 밖의 재료와 결합한 것인지에 상관없다)"
681389,6813,기존379(수집완료),기타,"마찰 재료와 그 제품[예: 시트(sheet)ㆍ롤ㆍ스트립(strip)ㆍ세그먼트ㆍ디스크(disc)ㆍ와셔(washer)ㆍ패드](장착되지 않은 것으로서 브레이크용ㆍ클러치용이나 이와 유사한 용도의 석면ㆍ그 밖의 광물성 재료ㆍ셀룰로오스를 기본 재료로 한 것으로 한정하며, 직물이나 그 밖의 재료와 결합한 것인지에 상관없다)"
681410,6814,기존379(수집완료),운모(가공한 것으로 한정한다)와 운모의 제품(응결시키거나 재생한 운모를 포함하며 종이ㆍ판지나 그 밖의 재료로 된 지지물에 부착한 것인지에 상관없다),운모(가공한 것으로 한정한다)와 운모의 제품(응결시키거나 재생한 운모를 포함하며 종이ㆍ판지나 그 밖의 재료로 된 지지물에 부착한 것인지에 상관없다)
681490,6814,사각지대(수집필요),운모(가공한 것으로 한정한다)와 운모의 제품(응결시키거나 재생한 운모를 포함하며 종이ㆍ판지나 그 밖의 재료로 된 지지물에 부착한 것인지에 상관없다),운모(가공한 것으로 한정한다)와 운모의 제품(응결시키거나 재생한 운모를 포함하며 종이ㆍ판지나 그 밖의 재료로 된 지지물에 부착한 것인지에 상관없다)
690100,6901,기존379(수집완료),벽돌ㆍ블록ㆍ타일과 그 밖의 도자제품[규조토(예: 키절구어(kieselguhr)ㆍ트리폴리트(tripolite)ㆍ다이어토마이트(diatomite))나 이와 유사한 규산질의 흙으로 제조한 것으로 한정한다],벽돌ㆍ블록ㆍ타일과 그 밖의 도자제품[규조토(예: 키절구어(kieselguhr)ㆍ트리폴리트(tripolite)ㆍ다이어토마이트(diatomite))나 이와 유사한 규산질의 흙으로 제조한 것으로 한정한다]
690210,6902,기존379(수집완료),내화벽돌ㆍ내화블록ㆍ내화타일과 이와 유사한 건설용 내화 도자제품(규조토나 이와 유사한 규산질의 흙으로 만든 제품은 제외한다),내화벽돌ㆍ내화블록ㆍ내화타일과 이와 유사한 건설용 내화 도자제품(규조토나 이와 유사한 규산질의 흙으로 만든 제품은 제외한다)
690220,6902,기존379(수집완료),내화벽돌ㆍ내화블록ㆍ내화타일과 이와 유사한 건설용 내화 도자제품(규조토나 이와 유사한 규산질의 흙으로 만든 제품은 제외한다),내화벽돌ㆍ내화블록ㆍ내화타일과 이와 유사한 건설용 내화 도자제품(규조토나 이와 유사한 규산질의 흙으로 만든 제품은 제외한다)
690290,6902,사각지대(수집필요),기타,내화벽돌ㆍ내화블록ㆍ내화타일과 이와 유사한 건설용 내화 도자제품(규조토나 이와 유사한 규산질의 흙으로 만든 제품은 제외한다)
690310,6903,기존379(수집완료),유리(遊離) 탄소의 함유량이 전 중량의 100분의 50을 초과하는 것,그 밖의 내화성 도자제품[예: 레토르트(retort)ㆍ도가니ㆍ머플ㆍ노즐ㆍ플러그ㆍ서포트ㆍ큐펠(cupel)ㆍ관(管)ㆍ쉬드(sheath)ㆍ막대(rod)ㆍ슬라이드 게이트(slide gate)](규조토나 이와 유사한 규산질의 흙으로 만든 제품은 제외한다)
690320,6903,기존379(수집완료),알루미나(Al2O3) 또는 알루미나와 실리카(SiO2)의 혼합물이나 화합물의 함유량이 전 중량의 100분의 50을 초과하는 것,그 밖의 내화성 도자제품[예: 레토르트(retort)ㆍ도가니ㆍ머플ㆍ노즐ㆍ플러그ㆍ서포트ㆍ큐펠(cupel)ㆍ관(管)ㆍ쉬드(sheath)ㆍ막대(rod)ㆍ슬라이드 게이트(slide gate)](규조토나 이와 유사한 규산질의 흙으로 만든 제품은 제외한다)
690390,6903,기존379(수집완료),기타,그 밖의 내화성 도자제품[예: 레토르트(retort)ㆍ도가니ㆍ머플ㆍ노즐ㆍ플러그ㆍ서포트ㆍ큐펠(cupel)ㆍ관(管)ㆍ쉬드(sheath)ㆍ막대(rod)ㆍ슬라이드 게이트(slide gate)](규조토나 이와 유사한 규산질의 흙으로 만든 제품은 제외한다)
690410,6904,52HS4(수집완료),도자제의 건축용 벽돌ㆍ바닥깔개용 블록ㆍ서포트타일(support tile)ㆍ필러타일(filler tile)과 이와 유사한 것,도자제의 건축용 벽돌ㆍ바닥깔개용 블록ㆍ서포트타일(support tile)ㆍ필러타일(filler tile)과 이와 유사한 것
690490,6904,52HS4(수집완료),도자제의 건축용 벽돌ㆍ바닥깔개용 블록ㆍ서포트타일(support tile)ㆍ필러타일(filler tile)과 이와 유사한 것,도자제의 건축용 벽돌ㆍ바닥깔개용 블록ㆍ서포트타일(support tile)ㆍ필러타일(filler tile)과 이와 유사한 것
690510,6905,52HS4(수집완료),기와ㆍ굴뚝통ㆍ굴뚝갓ㆍ굴뚝용 내장재ㆍ건축용 장식품과 그 밖의 도자제의 건설용품,기와ㆍ굴뚝통ㆍ굴뚝갓ㆍ굴뚝용 내장재ㆍ건축용 장식품과 그 밖의 도자제의 건설용품
690590,6905,52HS4(수집완료),기와ㆍ굴뚝통ㆍ굴뚝갓ㆍ굴뚝용 내장재ㆍ건축용 장식품과 그 밖의 도자제의 건설용품,기와ㆍ굴뚝통ㆍ굴뚝갓ㆍ굴뚝용 내장재ㆍ건축용 장식품과 그 밖의 도자제의 건설용품
690600,6906,기존379(수집완료),도자제의 관(管)ㆍ도관(導管)ㆍ홈통과 관(管)의 연결구류,도자제의 관(管)ㆍ도관(導管)ㆍ홈통과 관(管)의 연결구류
690721,6907,사각지대(수집필요),"도자제의 판석과 포장(鋪裝)용ㆍ노(爐)용ㆍ벽용 타일, 도자제의 모자이크 큐브와 이와 유사한 것(뒷면을 보강한 것인지에 상관없다), 피니싱 세라믹","도자제의 판석과 포장(鋪裝)용ㆍ노(爐)용ㆍ벽용 타일, 도자제의 모자이크 큐브와 이와 유사한 것(뒷면을 보강한 것인지에 상관없다), 피니싱 세라믹"
690722,6907,기존379(수집완료),수분흡수계수가 중량기준으로 100분의 0.5 초과 100분의 10 이하인 것,"도자제의 판석과 포장(鋪裝)용ㆍ노(爐)용ㆍ벽용 타일, 도자제의 모자이크 큐브와 이와 유사한 것(뒷면을 보강한 것인지에 상관없다), 피니싱 세라믹"
690723,6907,기존379(수집완료),"도자제의 판석과 포장(鋪裝)용ㆍ노(爐)용ㆍ벽용 타일, 도자제의 모자이크 큐브와 이와 유사한 것(뒷면을 보강한 것인지에 상관없다), 피니싱 세라믹","도자제의 판석과 포장(鋪裝)용ㆍ노(爐)용ㆍ벽용 타일, 도자제의 모자이크 큐브와 이와 유사한 것(뒷면을 보강한 것인지에 상관없다), 피니싱 세라믹"
690730,6907,사각지대(수집필요),모자이크 큐브와 이와 유사한 것(소호 제6907.40호의 것은 제외한다),"도자제의 판석과 포장(鋪裝)용ㆍ노(爐)용ㆍ벽용 타일, 도자제의 모자이크 큐브와 이와 유사한 것(뒷면을 보강한 것인지에 상관없다), 피니싱 세라믹"
690740,6907,사각지대(수집필요),피니싱 세라믹,"도자제의 판석과 포장(鋪裝)용ㆍ노(爐)용ㆍ벽용 타일, 도자제의 모자이크 큐브와 이와 유사한 것(뒷면을 보강한 것인지에 상관없다), 피니싱 세라믹"
691010,6910,기존379(수집완료),자기제의 것,도자제의 설거지통ㆍ세면대ㆍ세면대용 받침ㆍ목욕통ㆍ비데ㆍ수세식 변기통ㆍ수세식 변기용 물통ㆍ소변기와 이와 유사한 위생용 물품
691090,6910,사각지대(수집필요),도자제의 설거지통ㆍ세면대ㆍ세면대용 받침ㆍ목욕통ㆍ비데ㆍ수세식 변기통ㆍ수세식 변기용 물통ㆍ소변기와 이와 유사한 위생용 물품,도자제의 설거지통ㆍ세면대ㆍ세면대용 받침ㆍ목욕통ㆍ비데ㆍ수세식 변기통ㆍ수세식 변기용 물통ㆍ소변기와 이와 유사한 위생용 물품
691110,6911,기존379(수집완료),식탁용품과 주방용품,자기제의 식탁용품ㆍ주방용품ㆍ그 밖의 가정용품ㆍ화장용품
691190,6911,사각지대(수집필요),자기제의 식탁용품ㆍ주방용품ㆍ그 밖의 가정용품ㆍ화장용품,자기제의 식탁용품ㆍ주방용품ㆍ그 밖의 가정용품ㆍ화장용품
691200,6912,기존379(수집완료),도자제의 식탁용품ㆍ주방용품ㆍ그 밖의 가정용품ㆍ화장용품(자기제의 것은 제외한다),도자제의 식탁용품ㆍ주방용품ㆍ그 밖의 가정용품ㆍ화장용품(자기제의 것은 제외한다)
691310,6913,52HS4(수집완료),도자제의 작은 조각상과 그 밖의 장식용 제품,도자제의 작은 조각상과 그 밖의 장식용 제품
691390,6913,52HS4(수집완료),도자제의 작은 조각상과 그 밖의 장식용 제품,도자제의 작은 조각상과 그 밖의 장식용 제품
691410,6914,기존379(수집완료),자기제의 것,도자제의 그 밖의 제품
691490,6914,기존379(수집완료),기타,도자제의 그 밖의 제품
700100,7001,기존379(수집완료),"깨진 유리, 유리의 그 밖의 웨이스트(waste)ㆍ스크랩(scrap)[제8549호의 음극선관에서 얻어진 유리와 그 밖의 활성화된 유리를 제외한다], 유리 괴(塊)","깨진 유리, 유리의 그 밖의 웨이스트(waste)ㆍ스크랩(scrap)[제8549호의 음극선관에서 얻어진 유리와 그 밖의 활성화된 유리를 제외한다], 유리 괴(塊)"
700312,7003,사각지대(수집필요),"전 부분을 착색한 것(엷게 착색한 것을 포함한다), 불투명한 것, 다른 착색유리로 입힌 것, 흡수층ㆍ반사층ㆍ무반사층을 갖는 것","주입법과 롤(roll)법으로 제조한 유리[시트(sheet) 모양이나 프로파일(profile) 모양으로 한정하고, 흡수층ㆍ반사층ㆍ무반사층인지에 상관없으며 그 밖의 방법으로 가공하지 않은 것으로 한정한다]"
700319,7003,기존379(수집완료),기타,"주입법과 롤(roll)법으로 제조한 유리[시트(sheet) 모양이나 프로파일(profile) 모양으로 한정하고, 흡수층ㆍ반사층ㆍ무반사층인지에 상관없으며 그 밖의 방법으로 가공하지 않은 것으로 한정한다]"
700320,7003,사각지대(수집필요),"주입법과 롤(roll)법으로 제조한 유리[시트(sheet) 모양이나 프로파일(profile) 모양으로 한정하고, 흡수층ㆍ반사층ㆍ무반사층인지에 상관없으며 그 밖의 방법으로 가공하지 않은 것으로 한정한다]","주입법과 롤(roll)법으로 제조한 유리[시트(sheet) 모양이나 프로파일(profile) 모양으로 한정하고, 흡수층ㆍ반사층ㆍ무반사층인지에 상관없으며 그 밖의 방법으로 가공하지 않은 것으로 한정한다]"
700330,7003,사각지대(수집필요),"주입법과 롤(roll)법으로 제조한 유리[시트(sheet) 모양이나 프로파일(profile) 모양으로 한정하고, 흡수층ㆍ반사층ㆍ무반사층인지에 상관없으며 그 밖의 방법으로 가공하지 않은 것으로 한정한다]","주입법과 롤(roll)법으로 제조한 유리[시트(sheet) 모양이나 프로파일(profile) 모양으로 한정하고, 흡수층ㆍ반사층ㆍ무반사층인지에 상관없으며 그 밖의 방법으로 가공하지 않은 것으로 한정한다]"
700420,7004,사각지대(수집필요),"전 부분을 착색한 것(엷게 착색한 것을 포함한다), 불투명한 것, 다른 착색유리로 입힌 것, 흡수층ㆍ반사층ㆍ무반사층을 갖는 것","인상법(引上法)과 취입법(吹入法)으로 제조한 유리[시트(sheet) 모양으로 한정하고, 흡수층ㆍ반사층ㆍ무반사층인지에 상관없으며 그 밖의 방법으로 가공하지 않은 것으로 한정한다]"
700490,7004,기존379(수집완료),그 밖의 유리,"인상법(引上法)과 취입법(吹入法)으로 제조한 유리[시트(sheet) 모양으로 한정하고, 흡수층ㆍ반사층ㆍ무반사층인지에 상관없으며 그 밖의 방법으로 가공하지 않은 것으로 한정한다]"
700510,7005,사각지대(수집필요),망입(網入)하지 않은 유리(흡수층ㆍ반사층ㆍ무반사층을 갖고 있는 것으로 한정한다),"플로트유리(float glass)와 표면을 연마한 유리[시트(sheet) 모양으로 한정하고, 흡수층ㆍ반사층ㆍ무반사층인지에 상관없으며 그 밖의 방법으로 가공하지 않은 것으로 한정한다]"
700521,7005,기존379(수집완료),"전 부분을 착색한 것(엷게 색상이 있는 색유리를 포함한다), 불투명한 것, 다른 착색유리로 입힌 것, 단순히 표면을 연마한 것","플로트유리(float glass)와 표면을 연마한 유리[시트(sheet) 모양으로 한정하고, 흡수층ㆍ반사층ㆍ무반사층인지에 상관없으며 그 밖의 방법으로 가공하지 않은 것으로 한정한다]"
700529,7005,기존379(수집완료),기타,"플로트유리(float glass)와 표면을 연마한 유리[시트(sheet) 모양으로 한정하고, 흡수층ㆍ반사층ㆍ무반사층인지에 상관없으며 그 밖의 방법으로 가공하지 않은 것으로 한정한다]"
700530,7005,사각지대(수집필요),"플로트유리(float glass)와 표면을 연마한 유리[시트(sheet) 모양으로 한정하고, 흡수층ㆍ반사층ㆍ무반사층인지에 상관없으며 그 밖의 방법으로 가공하지 않은 것으로 한정한다]","플로트유리(float glass)와 표면을 연마한 유리[시트(sheet) 모양으로 한정하고, 흡수층ㆍ반사층ㆍ무반사층인지에 상관없으며 그 밖의 방법으로 가공하지 않은 것으로 한정한다]"
700600,7006,기존379(수집완료),"제7003호ㆍ제7004호ㆍ제7005호의 유리(구부린 것ㆍ가장자리 가공한 것ㆍ조각한 것ㆍ구멍을 뚫은 것ㆍ에나멜을 칠한 것이나 그 밖의 방법으로 가공한 것으로 한정하며, 프레임을 붙인 것이나 그 밖의 재료를 붙인 것은 제외한다)","제7003호ㆍ제7004호ㆍ제7005호의 유리(구부린 것ㆍ가장자리 가공한 것ㆍ조각한 것ㆍ구멍을 뚫은 것ㆍ에나멜을 칠한 것이나 그 밖의 방법으로 가공한 것으로 한정하며, 프레임을 붙인 것이나 그 밖의 재료를 붙인 것은 제외한다)"
700711,7007,기존379(수집완료),차량ㆍ항공기ㆍ우주선ㆍ선박에 사용하기 적합한 크기와 모양인 것,안전유리(강화유리나 접합유리로 된 것으로 한정한다)
700719,7007,기존379(수집완료),기타,안전유리(강화유리나 접합유리로 된 것으로 한정한다)
700721,7007,기존379(수집완료),차량ㆍ항공기ㆍ우주선ㆍ선박에 사용하기 적합한 크기와 모양인 것,안전유리(강화유리나 접합유리로 된 것으로 한정한다)
700729,7007,사각지대(수집필요),기타,안전유리(강화유리나 접합유리로 된 것으로 한정한다)
700800,7008,52HS4(수집완료),유리로 만든 복층 절연유닛,유리로 만든 복층 절연유닛
700910,7009,기존379(수집완료),"유리거울(백미러를 포함하며, 틀을 붙인 것인지에 상관없다)","유리거울(백미러를 포함하며, 틀을 붙인 것인지에 상관없다)"
700991,7009,기존379(수집완료),"유리거울(백미러를 포함하며, 틀을 붙인 것인지에 상관없다)","유리거울(백미러를 포함하며, 틀을 붙인 것인지에 상관없다)"
700992,7009,기존379(수집완료),"유리거울(백미러를 포함하며, 틀을 붙인 것인지에 상관없다)","유리거울(백미러를 포함하며, 틀을 붙인 것인지에 상관없다)"
701010,7010,사각지대(수집필요),"유리로 만든 카보이(carboy)ㆍ병ㆍ플라스크ㆍ단지ㆍ항아리ㆍ약병ㆍ앰플과 그 밖에 이와 유사한 용기(물품의 수송용ㆍ포장용으로 한정한다), 유리로 만든 보존병, 유리로 만든 마개ㆍ뚜껑과 그 밖의 마개류","유리로 만든 카보이(carboy)ㆍ병ㆍ플라스크ㆍ단지ㆍ항아리ㆍ약병ㆍ앰플과 그 밖에 이와 유사한 용기(물품의 수송용ㆍ포장용으로 한정한다), 유리로 만든 보존병, 유리로 만든 마개ㆍ뚜껑과 그 밖의 마개류"
701020,7010,기존379(수집완료),"유리로 만든 카보이(carboy)ㆍ병ㆍ플라스크ㆍ단지ㆍ항아리ㆍ약병ㆍ앰플과 그 밖에 이와 유사한 용기(물품의 수송용ㆍ포장용으로 한정한다), 유리로 만든 보존병, 유리로 만든 마개ㆍ뚜껑과 그 밖의 마개류","유리로 만든 카보이(carboy)ㆍ병ㆍ플라스크ㆍ단지ㆍ항아리ㆍ약병ㆍ앰플과 그 밖에 이와 유사한 용기(물품의 수송용ㆍ포장용으로 한정한다), 유리로 만든 보존병, 유리로 만든 마개ㆍ뚜껑과 그 밖의 마개류"
701090,7010,사각지대(수집필요),"유리로 만든 카보이(carboy)ㆍ병ㆍ플라스크ㆍ단지ㆍ항아리ㆍ약병ㆍ앰플과 그 밖에 이와 유사한 용기(물품의 수송용ㆍ포장용으로 한정한다), 유리로 만든 보존병, 유리로 만든 마개ㆍ뚜껑과 그 밖의 마개류","유리로 만든 카보이(carboy)ㆍ병ㆍ플라스크ㆍ단지ㆍ항아리ㆍ약병ㆍ앰플과 그 밖에 이와 유사한 용기(물품의 수송용ㆍ포장용으로 한정한다), 유리로 만든 보존병, 유리로 만든 마개ㆍ뚜껑과 그 밖의 마개류"
701110,7011,기존379(수집완료),"밀폐되지 않은 유리로 만든 외피(벌브와 튜브를 포함한다)와 이들의 부분품(전기 램프ㆍ광원, 음극선관이나 이와 유사한 용도의 것으로서 부착물이 없는 것으로 한정한다)","밀폐되지 않은 유리로 만든 외피(벌브와 튜브를 포함한다)와 이들의 부분품(전기 램프ㆍ광원, 음극선관이나 이와 유사한 용도의 것으로서 부착물이 없는 것으로 한정한다)"
701120,7011,사각지대(수집필요),음극선관용,"밀폐되지 않은 유리로 만든 외피(벌브와 튜브를 포함한다)와 이들의 부분품(전기 램프ㆍ광원, 음극선관이나 이와 유사한 용도의 것으로서 부착물이 없는 것으로 한정한다)"
701190,7011,사각지대(수집필요),"밀폐되지 않은 유리로 만든 외피(벌브와 튜브를 포함한다)와 이들의 부분품(전기 램프ㆍ광원, 음극선관이나 이와 유사한 용도의 것으로서 부착물이 없는 것으로 한정한다)","밀폐되지 않은 유리로 만든 외피(벌브와 튜브를 포함한다)와 이들의 부분품(전기 램프ㆍ광원, 음극선관이나 이와 유사한 용도의 것으로서 부착물이 없는 것으로 한정한다)"
701310,7013,사각지대(수집필요),"유리제품(식탁용ㆍ주방용ㆍ화장실용ㆍ사무용ㆍ실내장식용이나 이와 유사한 용도로 한정하며, 제7010호나 제7018호의 것은 제외한다)","유리제품(식탁용ㆍ주방용ㆍ화장실용ㆍ사무용ㆍ실내장식용이나 이와 유사한 용도로 한정하며, 제7010호나 제7018호의 것은 제외한다)"
701322,7013,사각지대(수집필요),"유리제품(식탁용ㆍ주방용ㆍ화장실용ㆍ사무용ㆍ실내장식용이나 이와 유사한 용도로 한정하며, 제7010호나 제7018호의 것은 제외한다)","유리제품(식탁용ㆍ주방용ㆍ화장실용ㆍ사무용ㆍ실내장식용이나 이와 유사한 용도로 한정하며, 제7010호나 제7018호의 것은 제외한다)"
701328,7013,사각지대(수집필요),"유리제품(식탁용ㆍ주방용ㆍ화장실용ㆍ사무용ㆍ실내장식용이나 이와 유사한 용도로 한정하며, 제7010호나 제7018호의 것은 제외한다)","유리제품(식탁용ㆍ주방용ㆍ화장실용ㆍ사무용ㆍ실내장식용이나 이와 유사한 용도로 한정하며, 제7010호나 제7018호의 것은 제외한다)"
701333,7013,사각지대(수집필요),"유리제품(식탁용ㆍ주방용ㆍ화장실용ㆍ사무용ㆍ실내장식용이나 이와 유사한 용도로 한정하며, 제7010호나 제7018호의 것은 제외한다)","유리제품(식탁용ㆍ주방용ㆍ화장실용ㆍ사무용ㆍ실내장식용이나 이와 유사한 용도로 한정하며, 제7010호나 제7018호의 것은 제외한다)"
701337,7013,사각지대(수집필요),"유리제품(식탁용ㆍ주방용ㆍ화장실용ㆍ사무용ㆍ실내장식용이나 이와 유사한 용도로 한정하며, 제7010호나 제7018호의 것은 제외한다)","유리제품(식탁용ㆍ주방용ㆍ화장실용ㆍ사무용ㆍ실내장식용이나 이와 유사한 용도로 한정하며, 제7010호나 제7018호의 것은 제외한다)"
701341,7013,사각지대(수집필요),"유리제품(식탁용ㆍ주방용ㆍ화장실용ㆍ사무용ㆍ실내장식용이나 이와 유사한 용도로 한정하며, 제7010호나 제7018호의 것은 제외한다)","유리제품(식탁용ㆍ주방용ㆍ화장실용ㆍ사무용ㆍ실내장식용이나 이와 유사한 용도로 한정하며, 제7010호나 제7018호의 것은 제외한다)"
701342,7013,기존379(수집완료),"유리제품(식탁용ㆍ주방용ㆍ화장실용ㆍ사무용ㆍ실내장식용이나 이와 유사한 용도로 한정하며, 제7010호나 제7018호의 것은 제외한다)","유리제품(식탁용ㆍ주방용ㆍ화장실용ㆍ사무용ㆍ실내장식용이나 이와 유사한 용도로 한정하며, 제7010호나 제7018호의 것은 제외한다)"
701349,7013,사각지대(수집필요),"유리제품(식탁용ㆍ주방용ㆍ화장실용ㆍ사무용ㆍ실내장식용이나 이와 유사한 용도로 한정하며, 제7010호나 제7018호의 것은 제외한다)","유리제품(식탁용ㆍ주방용ㆍ화장실용ㆍ사무용ㆍ실내장식용이나 이와 유사한 용도로 한정하며, 제7010호나 제7018호의 것은 제외한다)"
701391,7013,사각지대(수집필요),"유리제품(식탁용ㆍ주방용ㆍ화장실용ㆍ사무용ㆍ실내장식용이나 이와 유사한 용도로 한정하며, 제7010호나 제7018호의 것은 제외한다)","유리제품(식탁용ㆍ주방용ㆍ화장실용ㆍ사무용ㆍ실내장식용이나 이와 유사한 용도로 한정하며, 제7010호나 제7018호의 것은 제외한다)"
701399,7013,사각지대(수집필요),"유리제품(식탁용ㆍ주방용ㆍ화장실용ㆍ사무용ㆍ실내장식용이나 이와 유사한 용도로 한정하며, 제7010호나 제7018호의 것은 제외한다)","유리제품(식탁용ㆍ주방용ㆍ화장실용ㆍ사무용ㆍ실내장식용이나 이와 유사한 용도로 한정하며, 제7010호나 제7018호의 것은 제외한다)"
701400,7014,기존379(수집완료),신호용 유리제품과 유리로 만든 광학소자(제7015호의 것과 광학적으로 가공한 것은 제외한다),신호용 유리제품과 유리로 만든 광학소자(제7015호의 것과 광학적으로 가공한 것은 제외한다)
701610,7016,사각지대(수집필요),"압축하거나 주형한 유리로 만든 포장(鋪裝)용 블록ㆍ슬래브ㆍ벽돌ㆍ스퀘어(square)ㆍ타일과 그 밖의 제품[망입(網入)한 것인지에 상관없으며 건축용이나 건설용으로 한정한다], 유리로 만든 입방체와 그 밖의 유리 세공품(뒷면을 보강한지에 상관없으며 모자이크용이나 이와 유사한 장식용으로 한정한다), 레드라이트(leaded light)와 이와 유사한 것, 블록(block)ㆍ패널(panel)ㆍ플레이트(plate)ㆍ쉘(shell)이나 이와 유사한 모양의 다공(多孔)유리나 다포(多泡)유리","압축하거나 주형한 유리로 만든 포장(鋪裝)용 블록ㆍ슬래브ㆍ벽돌ㆍ스퀘어(square)ㆍ타일과 그 밖의 제품[망입(網入)한 것인지에 상관없으며 건축용이나 건설용으로 한정한다], 유리로 만든 입방체와 그 밖의 유리 세공품(뒷면을 보강한지에 상관없으며 모자이크용이나 이와 유사한 장식용으로 한정한다), 레드라이트(leaded light)와 이와 유사한 것, 블록(block)ㆍ패널(panel)ㆍ플레이트(plate)ㆍ쉘(shell)이나 이와 유사한 모양의 다공(多孔)유리나 다포(多泡)유리"
701690,7016,기존379(수집완료),기타,"압축하거나 주형한 유리로 만든 포장(鋪裝)용 블록ㆍ슬래브ㆍ벽돌ㆍ스퀘어(square)ㆍ타일과 그 밖의 제품[망입(網入)한 것인지에 상관없으며 건축용이나 건설용으로 한정한다], 유리로 만든 입방체와 그 밖의 유리 세공품(뒷면을 보강한지에 상관없으며 모자이크용이나 이와 유사한 장식용으로 한정한다), 레드라이트(leaded light)와 이와 유사한 것, 블록(block)ㆍ패널(panel)ㆍ플레이트(plate)ㆍ쉘(shell)이나 이와 유사한 모양의 다공(多孔)유리나 다포(多泡)유리"
701810,7018,기존379(수집완료),유리로 만든 비드(bead)ㆍ모조 진주ㆍ모조 귀석과 반귀석ㆍ이와 유사한 유리 세공품,"유리로 만든 비드(bead)ㆍ모조 진주ㆍ모조 귀석과 반귀석ㆍ이와 유사한 유리 세공품ㆍ모조 신변장식용품을 제외한 유리제품, 인체용을 제외한 유리 안구, 작은 조각상과 램프 가공한(lamp-worked) 그 밖의 장식용 유리제품(모조 신변장식용품은 제외한다), 지름이 1밀리미터 이하인 유리로 만든 마이크로스피어(microsphere)"
701820,7018,사각지대(수집필요),"유리로 만든 비드(bead)ㆍ모조 진주ㆍ모조 귀석과 반귀석ㆍ이와 유사한 유리 세공품ㆍ모조 신변장식용품을 제외한 유리제품, 인체용을 제외한 유리 안구, 작은 조각상과 램프 가공한(lamp-worked) 그 밖의 장식용 유리제품(모조 신변장식용품은 제외한다), 지름이 1밀리미터 이하인 유리로 만든 마이크로스피어(microsphere)","유리로 만든 비드(bead)ㆍ모조 진주ㆍ모조 귀석과 반귀석ㆍ이와 유사한 유리 세공품ㆍ모조 신변장식용품을 제외한 유리제품, 인체용을 제외한 유리 안구, 작은 조각상과 램프 가공한(lamp-worked) 그 밖의 장식용 유리제품(모조 신변장식용품은 제외한다), 지름이 1밀리미터 이하인 유리로 만든 마이크로스피어(microsphere)"
701890,7018,기존379(수집완료),기타,"유리로 만든 비드(bead)ㆍ모조 진주ㆍ모조 귀석과 반귀석ㆍ이와 유사한 유리 세공품ㆍ모조 신변장식용품을 제외한 유리제품, 인체용을 제외한 유리 안구, 작은 조각상과 램프 가공한(lamp-worked) 그 밖의 장식용 유리제품(모조 신변장식용품은 제외한다), 지름이 1밀리미터 이하인 유리로 만든 마이크로스피어(microsphere)"
701911,7019,기존379(수집완료),유리섬유[글라스 울(glass wool)을 포함한다]와 이들의 제품(예: 실ㆍ로빙(roving)ㆍ직물),유리섬유[글라스 울(glass wool)을 포함한다]와 이들의 제품(예: 실ㆍ로빙(roving)ㆍ직물)
701912,7019,기존379(수집완료),유리섬유[글라스 울(glass wool)을 포함한다]와 이들의 제품(예: 실ㆍ로빙(roving)ㆍ직물),유리섬유[글라스 울(glass wool)을 포함한다]와 이들의 제품(예: 실ㆍ로빙(roving)ㆍ직물)
701913,7019,사각지대(수집필요),유리섬유[글라스 울(glass wool)을 포함한다]와 이들의 제품(예: 실ㆍ로빙(roving)ㆍ직물),유리섬유[글라스 울(glass wool)을 포함한다]와 이들의 제품(예: 실ㆍ로빙(roving)ㆍ직물)
701914,7019,사각지대(수집필요),유리섬유[글라스 울(glass wool)을 포함한다]와 이들의 제품(예: 실ㆍ로빙(roving)ㆍ직물),유리섬유[글라스 울(glass wool)을 포함한다]와 이들의 제품(예: 실ㆍ로빙(roving)ㆍ직물)
701915,7019,기존379(수집완료),유리섬유[글라스 울(glass wool)을 포함한다]와 이들의 제품(예: 실ㆍ로빙(roving)ㆍ직물),유리섬유[글라스 울(glass wool)을 포함한다]와 이들의 제품(예: 실ㆍ로빙(roving)ㆍ직물)
701919,7019,사각지대(수집필요),유리섬유[글라스 울(glass wool)을 포함한다]와 이들의 제품(예: 실ㆍ로빙(roving)ㆍ직물),유리섬유[글라스 울(glass wool)을 포함한다]와 이들의 제품(예: 실ㆍ로빙(roving)ㆍ직물)
701961,7019,사각지대(수집필요),유리섬유[글라스 울(glass wool)을 포함한다]와 이들의 제품(예: 실ㆍ로빙(roving)ㆍ직물),유리섬유[글라스 울(glass wool)을 포함한다]와 이들의 제품(예: 실ㆍ로빙(roving)ㆍ직물)
701962,7019,사각지대(수집필요),유리섬유[글라스 울(glass wool)을 포함한다]와 이들의 제품(예: 실ㆍ로빙(roving)ㆍ직물),유리섬유[글라스 울(glass wool)을 포함한다]와 이들의 제품(예: 실ㆍ로빙(roving)ㆍ직물)
701963,7019,기존379(수집완료),"촘촘하게 직조한 직물[실로 짠 평직물로서, 도포·적층하지 않은 것]",유리섬유[글라스 울(glass wool)을 포함한다]와 이들의 제품(예: 실ㆍ로빙(roving)ㆍ직물)
701964,7019,사각지대(수집필요),"촘촘하게 직조한 직물[실로 짠 평직물로서, 도포·적층한 것]",유리섬유[글라스 울(glass wool)을 포함한다]와 이들의 제품(예: 실ㆍ로빙(roving)ㆍ직물)
701965,7019,사각지대(수집필요),성기게 직조한 직물[폭이 30센티미터 이하인 것],유리섬유[글라스 울(glass wool)을 포함한다]와 이들의 제품(예: 실ㆍ로빙(roving)ㆍ직물)
701966,7019,사각지대(수집필요),성기게 직조한 직물[폭이 30센티미터를 초과하는 것],유리섬유[글라스 울(glass wool)을 포함한다]와 이들의 제품(예: 실ㆍ로빙(roving)ㆍ직물)
701969,7019,기존379(수집완료),기타,유리섬유[글라스 울(glass wool)을 포함한다]와 이들의 제품(예: 실ㆍ로빙(roving)ㆍ직물)
701971,7019,기존379(수집완료),유리섬유[글라스 울(glass wool)을 포함한다]와 이들의 제품(예: 실ㆍ로빙(roving)ㆍ직물),유리섬유[글라스 울(glass wool)을 포함한다]와 이들의 제품(예: 실ㆍ로빙(roving)ㆍ직물)
701972,7019,사각지대(수집필요),유리섬유[글라스 울(glass wool)을 포함한다]와 이들의 제품(예: 실ㆍ로빙(roving)ㆍ직물),유리섬유[글라스 울(glass wool)을 포함한다]와 이들의 제품(예: 실ㆍ로빙(roving)ㆍ직물)
701973,7019,사각지대(수집필요),유리섬유[글라스 울(glass wool)을 포함한다]와 이들의 제품(예: 실ㆍ로빙(roving)ㆍ직물),유리섬유[글라스 울(glass wool)을 포함한다]와 이들의 제품(예: 실ㆍ로빙(roving)ㆍ직물)
701980,7019,기존379(수집완료),글라스 울(glass wool)과 글라스 울 제품,유리섬유[글라스 울(glass wool)을 포함한다]와 이들의 제품(예: 실ㆍ로빙(roving)ㆍ직물)
701990,7019,기존379(수집완료),유리섬유[글라스 울(glass wool)을 포함한다]와 이들의 제품(예: 실ㆍ로빙(roving)ㆍ직물),유리섬유[글라스 울(glass wool)을 포함한다]와 이들의 제품(예: 실ㆍ로빙(roving)ㆍ직물)
702000,7020,기존379(수집완료),유리로 만든 그 밖의 제품,유리로 만든 그 밖의 제품
710510,7105,기존379(수집완료),다이아몬드의 것,천연의 것이나 합성한 귀석ㆍ반귀석의 더스트(dust)와 가루
710590,7105,사각지대(수집필요),기타,천연의 것이나 합성한 귀석ㆍ반귀석의 더스트(dust)와 가루
710700,7107,기존379(수집완료),은을 입힌 비금속(卑金屬)(반가공한 것보다 더 가공하지 않은 것으로 한정한다),은을 입힌 비금속(卑金屬)(반가공한 것보다 더 가공하지 않은 것으로 한정한다)
710811,7108,사각지대(수집필요),"금(백금을 도금한 금을 포함하며, 가공하지 않은 것ㆍ반가공한 모양이나 가루 모양인 것으로 한정한다)","금(백금을 도금한 금을 포함하며, 가공하지 않은 것ㆍ반가공한 모양이나 가루 모양인 것으로 한정한다)"
710812,7108,기존379(수집완료),그 밖의 가공하지 않은 모양인 것,"금(백금을 도금한 금을 포함하며, 가공하지 않은 것ㆍ반가공한 모양이나 가루 모양인 것으로 한정한다)"
710813,7108,사각지대(수집필요),그 밖의 반가공한 모양인 것,"금(백금을 도금한 금을 포함하며, 가공하지 않은 것ㆍ반가공한 모양이나 가루 모양인 것으로 한정한다)"
710820,7108,사각지대(수집필요),"금(백금을 도금한 금을 포함하며, 가공하지 않은 것ㆍ반가공한 모양이나 가루 모양인 것으로 한정한다)","금(백금을 도금한 금을 포함하며, 가공하지 않은 것ㆍ반가공한 모양이나 가루 모양인 것으로 한정한다)"
720110,7201,기존379(수집완료),비합금선철(인의 함유량이 전 중량의 100분의 0.5 이하인 것으로 한정한다),선철(銑鐵)과 스피그라이즌(spiegeleisen)[피그(pig)ㆍ블록(block) 모양이나 그 밖의 일차제품(primary form) 형태인 것으로 한정한다]
720120,7201,사각지대(15개월 거래0),선철(銑鐵)과 스피그라이즌(spiegeleisen)[피그(pig)ㆍ블록(block) 모양이나 그 밖의 일차제품(primary form) 형태인 것으로 한정한다],선철(銑鐵)과 스피그라이즌(spiegeleisen)[피그(pig)ㆍ블록(block) 모양이나 그 밖의 일차제품(primary form) 형태인 것으로 한정한다]
720150,7201,사각지대(15개월 거래0),선철(銑鐵)과 스피그라이즌(spiegeleisen)[피그(pig)ㆍ블록(block) 모양이나 그 밖의 일차제품(primary form) 형태인 것으로 한정한다],선철(銑鐵)과 스피그라이즌(spiegeleisen)[피그(pig)ㆍ블록(block) 모양이나 그 밖의 일차제품(primary form) 형태인 것으로 한정한다]
720310,7203,기존379(수집완료),철광석을 직접 환원하여 제조한 철제품과 그 밖의 해면질의 철제품[럼프(lump)ㆍ펠릿(pellet)이나 이와 유사한 모양인 것으로 한정한다]과 순도가 최저 전 중량의 100분의 99.94인 철[럼프(lump)ㆍ펠릿(pellet)이나 이와 유사한 모양인 것으로 한정한다],철광석을 직접 환원하여 제조한 철제품과 그 밖의 해면질의 철제품[럼프(lump)ㆍ펠릿(pellet)이나 이와 유사한 모양인 것으로 한정한다]과 순도가 최저 전 중량의 100분의 99.94인 철[럼프(lump)ㆍ펠릿(pellet)이나 이와 유사한 모양인 것으로 한정한다]
720390,7203,사각지대(수집필요),철광석을 직접 환원하여 제조한 철제품과 그 밖의 해면질의 철제품[럼프(lump)ㆍ펠릿(pellet)이나 이와 유사한 모양인 것으로 한정한다]과 순도가 최저 전 중량의 100분의 99.94인 철[럼프(lump)ㆍ펠릿(pellet)이나 이와 유사한 모양인 것으로 한정한다],철광석을 직접 환원하여 제조한 철제품과 그 밖의 해면질의 철제품[럼프(lump)ㆍ펠릿(pellet)이나 이와 유사한 모양인 것으로 한정한다]과 순도가 최저 전 중량의 100분의 99.94인 철[럼프(lump)ㆍ펠릿(pellet)이나 이와 유사한 모양인 것으로 한정한다]
720410,7204,52HS4(수집완료),"철의 웨이스트(waste)와 스크랩(scrap), 철강의 재용해용 스크랩 잉곳(scrap ingot)","철의 웨이스트(waste)와 스크랩(scrap), 철강의 재용해용 스크랩 잉곳(scrap ingot)"
720421,7204,52HS4(수집완료),"철의 웨이스트(waste)와 스크랩(scrap), 철강의 재용해용 스크랩 잉곳(scrap ingot)","철의 웨이스트(waste)와 스크랩(scrap), 철강의 재용해용 스크랩 잉곳(scrap ingot)"
720429,7204,52HS4(수집완료),"철의 웨이스트(waste)와 스크랩(scrap), 철강의 재용해용 스크랩 잉곳(scrap ingot)","철의 웨이스트(waste)와 스크랩(scrap), 철강의 재용해용 스크랩 잉곳(scrap ingot)"
720430,7204,52HS4(수집완료),"철의 웨이스트(waste)와 스크랩(scrap), 철강의 재용해용 스크랩 잉곳(scrap ingot)","철의 웨이스트(waste)와 스크랩(scrap), 철강의 재용해용 스크랩 잉곳(scrap ingot)"
720441,7204,52HS4(수집완료),"철의 웨이스트(waste)와 스크랩(scrap), 철강의 재용해용 스크랩 잉곳(scrap ingot)","철의 웨이스트(waste)와 스크랩(scrap), 철강의 재용해용 스크랩 잉곳(scrap ingot)"
720449,7204,52HS4(수집완료),"철의 웨이스트(waste)와 스크랩(scrap), 철강의 재용해용 스크랩 잉곳(scrap ingot)","철의 웨이스트(waste)와 스크랩(scrap), 철강의 재용해용 스크랩 잉곳(scrap ingot)"
720711,7207,기존379(수집완료),횡단면이 직사각형(정사각형을 포함한다)인 것(폭이 두께의 두 배 미만인 것으로 한정한다),철이나 비합금강의 반제품
720712,7207,사각지대(수집필요),그 밖의 횡단면이 직사각형(정사각형은 제외한다)인 것,철이나 비합금강의 반제품
720719,7207,사각지대(수집필요),철이나 비합금강의 반제품,철이나 비합금강의 반제품
720720,7207,기존379(수집완료),탄소의 함유량이 전 중량의 100분의 0.25 이상인 것,철이나 비합금강의 반제품
720810,7208,기존379(수집완료),코일 모양인 것으로서 열간(熱間)압연보다 더 가공하지 않고 부조(浮彫)된 무늬가 있는 것,"철이나 비합금강의 평판압연제품[폭이 600밀리미터 이상인 것으로서 열간(熱間)압연한 것으로 한정하고, 클래드(clad)ㆍ도금ㆍ도포한 것은 제외한다]"
720825,7208,사각지대(수집필요),두께가 4.75밀리미터 이상인 것,"철이나 비합금강의 평판압연제품[폭이 600밀리미터 이상인 것으로서 열간(熱間)압연한 것으로 한정하고, 클래드(clad)ㆍ도금ㆍ도포한 것은 제외한다]"
720826,7208,사각지대(수집필요),두께가 3밀리미터 이상 4.75밀리미터 미만인 것,"철이나 비합금강의 평판압연제품[폭이 600밀리미터 이상인 것으로서 열간(熱間)압연한 것으로 한정하고, 클래드(clad)ㆍ도금ㆍ도포한 것은 제외한다]"
720827,7208,사각지대(수집필요),두께가 3밀리미터 미만인 것,"철이나 비합금강의 평판압연제품[폭이 600밀리미터 이상인 것으로서 열간(熱間)압연한 것으로 한정하고, 클래드(clad)ㆍ도금ㆍ도포한 것은 제외한다]"
720836,7208,기존379(수집완료),두께가 10밀리미터를 초과하는 것,"철이나 비합금강의 평판압연제품[폭이 600밀리미터 이상인 것으로서 열간(熱間)압연한 것으로 한정하고, 클래드(clad)ㆍ도금ㆍ도포한 것은 제외한다]"
720837,7208,기존379(수집완료),두께가 4.75밀리미터 이상 10밀리미터 이하인 것,"철이나 비합금강의 평판압연제품[폭이 600밀리미터 이상인 것으로서 열간(熱間)압연한 것으로 한정하고, 클래드(clad)ㆍ도금ㆍ도포한 것은 제외한다]"
720838,7208,사각지대(수집필요),두께가 3밀리미터 이상 4.75밀리미터 미만인 것,"철이나 비합금강의 평판압연제품[폭이 600밀리미터 이상인 것으로서 열간(熱間)압연한 것으로 한정하고, 클래드(clad)ㆍ도금ㆍ도포한 것은 제외한다]"
720839,7208,기존379(수집완료),두께가 3밀리미터 미만인 것,"철이나 비합금강의 평판압연제품[폭이 600밀리미터 이상인 것으로서 열간(熱間)압연한 것으로 한정하고, 클래드(clad)ㆍ도금ㆍ도포한 것은 제외한다]"
720840,7208,사각지대(수집필요),"철이나 비합금강의 평판압연제품[폭이 600밀리미터 이상인 것으로서 열간(熱間)압연한 것으로 한정하고, 클래드(clad)ㆍ도금ㆍ도포한 것은 제외한다]","철이나 비합금강의 평판압연제품[폭이 600밀리미터 이상인 것으로서 열간(熱間)압연한 것으로 한정하고, 클래드(clad)ㆍ도금ㆍ도포한 것은 제외한다]"
720851,7208,기존379(수집완료),두께가 10밀리미터를 초과하는 것,"철이나 비합금강의 평판압연제품[폭이 600밀리미터 이상인 것으로서 열간(熱間)압연한 것으로 한정하고, 클래드(clad)ㆍ도금ㆍ도포한 것은 제외한다]"
720852,7208,기존379(수집완료),두께가 4.75밀리미터 이상 10밀리미터 이하인 것,"철이나 비합금강의 평판압연제품[폭이 600밀리미터 이상인 것으로서 열간(熱間)압연한 것으로 한정하고, 클래드(clad)ㆍ도금ㆍ도포한 것은 제외한다]"
720853,7208,사각지대(수집필요),두께가 3밀리미터 이상 4.75밀리미터 미만인 것,"철이나 비합금강의 평판압연제품[폭이 600밀리미터 이상인 것으로서 열간(熱間)압연한 것으로 한정하고, 클래드(clad)ㆍ도금ㆍ도포한 것은 제외한다]"
720854,7208,사각지대(수집필요),두께가 3밀리미터 미만인 것,"철이나 비합금강의 평판압연제품[폭이 600밀리미터 이상인 것으로서 열간(熱間)압연한 것으로 한정하고, 클래드(clad)ㆍ도금ㆍ도포한 것은 제외한다]"
720890,7208,사각지대(수집필요),"철이나 비합금강의 평판압연제품[폭이 600밀리미터 이상인 것으로서 열간(熱間)압연한 것으로 한정하고, 클래드(clad)ㆍ도금ㆍ도포한 것은 제외한다]","철이나 비합금강의 평판압연제품[폭이 600밀리미터 이상인 것으로서 열간(熱間)압연한 것으로 한정하고, 클래드(clad)ㆍ도금ㆍ도포한 것은 제외한다]"
720915,7209,사각지대(수집필요),두께가 3밀리미터 이상인 것,"철이나 비합금강의 평판압연제품[폭이 600밀리미터 이상인 것으로서 냉간압연(냉간환원)한 것으로 한정하고, 클래드(clad)ㆍ도금ㆍ도포한 것은 제외한다]"
720916,7209,기존379(수집완료),두께가 1밀리미터 초과 3밀리미터 미만인 것,"철이나 비합금강의 평판압연제품[폭이 600밀리미터 이상인 것으로서 냉간압연(냉간환원)한 것으로 한정하고, 클래드(clad)ㆍ도금ㆍ도포한 것은 제외한다]"
720917,7209,기존379(수집완료),두께가 0.5밀리미터 이상 1밀리미터 이하인 것,"철이나 비합금강의 평판압연제품[폭이 600밀리미터 이상인 것으로서 냉간압연(냉간환원)한 것으로 한정하고, 클래드(clad)ㆍ도금ㆍ도포한 것은 제외한다]"
720918,7209,기존379(수집완료),두께가 0.5밀리미터 미만인 것,"철이나 비합금강의 평판압연제품[폭이 600밀리미터 이상인 것으로서 냉간압연(냉간환원)한 것으로 한정하고, 클래드(clad)ㆍ도금ㆍ도포한 것은 제외한다]"
720925,7209,사각지대(수집필요),두께가 3밀리미터 이상인 것,"철이나 비합금강의 평판압연제품[폭이 600밀리미터 이상인 것으로서 냉간압연(냉간환원)한 것으로 한정하고, 클래드(clad)ㆍ도금ㆍ도포한 것은 제외한다]"
720926,7209,사각지대(수집필요),두께가 1밀리미터 초과 3밀리미터 미만인 것,"철이나 비합금강의 평판압연제품[폭이 600밀리미터 이상인 것으로서 냉간압연(냉간환원)한 것으로 한정하고, 클래드(clad)ㆍ도금ㆍ도포한 것은 제외한다]"
720927,7209,사각지대(수집필요),두께가 0.5밀리미터 이상 1밀리미터 이하인 것,"철이나 비합금강의 평판압연제품[폭이 600밀리미터 이상인 것으로서 냉간압연(냉간환원)한 것으로 한정하고, 클래드(clad)ㆍ도금ㆍ도포한 것은 제외한다]"
720928,7209,사각지대(수집필요),두께가 0.5밀리미터 미만인 것,"철이나 비합금강의 평판압연제품[폭이 600밀리미터 이상인 것으로서 냉간압연(냉간환원)한 것으로 한정하고, 클래드(clad)ㆍ도금ㆍ도포한 것은 제외한다]"
720990,7209,사각지대(수집필요),"철이나 비합금강의 평판압연제품[폭이 600밀리미터 이상인 것으로서 냉간압연(냉간환원)한 것으로 한정하고, 클래드(clad)ㆍ도금ㆍ도포한 것은 제외한다]","철이나 비합금강의 평판압연제품[폭이 600밀리미터 이상인 것으로서 냉간압연(냉간환원)한 것으로 한정하고, 클래드(clad)ㆍ도금ㆍ도포한 것은 제외한다]"
721011,7210,사각지대(수집필요),철이나 비합금강의 평판압연제품[폭이 600밀리미터 이상인 것으로서 클래드(clad)ㆍ도금ㆍ도포한 것으로 한정한다],철이나 비합금강의 평판압연제품[폭이 600밀리미터 이상인 것으로서 클래드(clad)ㆍ도금ㆍ도포한 것으로 한정한다]
721012,7210,사각지대(수집필요),철이나 비합금강의 평판압연제품[폭이 600밀리미터 이상인 것으로서 클래드(clad)ㆍ도금ㆍ도포한 것으로 한정한다],철이나 비합금강의 평판압연제품[폭이 600밀리미터 이상인 것으로서 클래드(clad)ㆍ도금ㆍ도포한 것으로 한정한다]
721020,7210,사각지대(수집필요),철이나 비합금강의 평판압연제품[폭이 600밀리미터 이상인 것으로서 클래드(clad)ㆍ도금ㆍ도포한 것으로 한정한다],철이나 비합금강의 평판압연제품[폭이 600밀리미터 이상인 것으로서 클래드(clad)ㆍ도금ㆍ도포한 것으로 한정한다]
721030,7210,기존379(수집완료),아연을 전해도금하거나 도포한 것,철이나 비합금강의 평판압연제품[폭이 600밀리미터 이상인 것으로서 클래드(clad)ㆍ도금ㆍ도포한 것으로 한정한다]
721041,7210,사각지대(수집필요),철이나 비합금강의 평판압연제품[폭이 600밀리미터 이상인 것으로서 클래드(clad)ㆍ도금ㆍ도포한 것으로 한정한다],철이나 비합금강의 평판압연제품[폭이 600밀리미터 이상인 것으로서 클래드(clad)ㆍ도금ㆍ도포한 것으로 한정한다]
721049,7210,기존379(수집완료),기타,철이나 비합금강의 평판압연제품[폭이 600밀리미터 이상인 것으로서 클래드(clad)ㆍ도금ㆍ도포한 것으로 한정한다]
721050,7210,사각지대(수집필요),철이나 비합금강의 평판압연제품[폭이 600밀리미터 이상인 것으로서 클래드(clad)ㆍ도금ㆍ도포한 것으로 한정한다],철이나 비합금강의 평판압연제품[폭이 600밀리미터 이상인 것으로서 클래드(clad)ㆍ도금ㆍ도포한 것으로 한정한다]
721061,7210,기존379(수집완료),철이나 비합금강의 평판압연제품[폭이 600밀리미터 이상인 것으로서 클래드(clad)ㆍ도금ㆍ도포한 것으로 한정한다],철이나 비합금강의 평판압연제품[폭이 600밀리미터 이상인 것으로서 클래드(clad)ㆍ도금ㆍ도포한 것으로 한정한다]
721069,7210,사각지대(수집필요),철이나 비합금강의 평판압연제품[폭이 600밀리미터 이상인 것으로서 클래드(clad)ㆍ도금ㆍ도포한 것으로 한정한다],철이나 비합금강의 평판압연제품[폭이 600밀리미터 이상인 것으로서 클래드(clad)ㆍ도금ㆍ도포한 것으로 한정한다]
721070,7210,기존379(수집완료),페인팅한 것ㆍ바니시한 것ㆍ플라스틱을 도포한 것,철이나 비합금강의 평판압연제품[폭이 600밀리미터 이상인 것으로서 클래드(clad)ㆍ도금ㆍ도포한 것으로 한정한다]
721090,7210,사각지대(수집필요),기타,철이나 비합금강의 평판압연제품[폭이 600밀리미터 이상인 것으로서 클래드(clad)ㆍ도금ㆍ도포한 것으로 한정한다]
721113,7211,사각지대(수집필요),"철이나 비합금강의 평판압연제품[폭이 600밀리미터 미만인 것으로 한정하고, 클래드(clad)ㆍ도금ㆍ도포한 것은 제외한다]","철이나 비합금강의 평판압연제품[폭이 600밀리미터 미만인 것으로 한정하고, 클래드(clad)ㆍ도금ㆍ도포한 것은 제외한다]"
721114,7211,기존379(수집완료),기타(두께가 4.75밀리미터 이상인 것으로 한정한다),"철이나 비합금강의 평판압연제품[폭이 600밀리미터 미만인 것으로 한정하고, 클래드(clad)ㆍ도금ㆍ도포한 것은 제외한다]"
721119,7211,기존379(수집완료),기타,"철이나 비합금강의 평판압연제품[폭이 600밀리미터 미만인 것으로 한정하고, 클래드(clad)ㆍ도금ㆍ도포한 것은 제외한다]"
721123,7211,사각지대(수집필요),탄소의 함유량이 전 중량의 100분의 0.25 미만인 것,"철이나 비합금강의 평판압연제품[폭이 600밀리미터 미만인 것으로 한정하고, 클래드(clad)ㆍ도금ㆍ도포한 것은 제외한다]"
721129,7211,기존379(수집완료),기타,"철이나 비합금강의 평판압연제품[폭이 600밀리미터 미만인 것으로 한정하고, 클래드(clad)ㆍ도금ㆍ도포한 것은 제외한다]"
721190,7211,사각지대(수집필요),기타,"철이나 비합금강의 평판압연제품[폭이 600밀리미터 미만인 것으로 한정하고, 클래드(clad)ㆍ도금ㆍ도포한 것은 제외한다]"
721210,7212,사각지대(수집필요),주석을 도금하거나 도포한 것,철이나 비합금강의 평판압연제품[폭이 600밀리미터 미만인 것으로서 클래드(clad)ㆍ도금ㆍ도포한 것으로 한정한다]
721220,7212,사각지대(수집필요),아연을 전해도금하거나 도포한 것,철이나 비합금강의 평판압연제품[폭이 600밀리미터 미만인 것으로서 클래드(clad)ㆍ도금ㆍ도포한 것으로 한정한다]
721230,7212,사각지대(수집필요),그 밖의 다른 방법으로 아연을 도금하거나 도포한 것,철이나 비합금강의 평판압연제품[폭이 600밀리미터 미만인 것으로서 클래드(clad)ㆍ도금ㆍ도포한 것으로 한정한다]
721240,7212,기존379(수집완료),페인팅한 것ㆍ바니시한 것ㆍ플라스틱을 도포한 것,철이나 비합금강의 평판압연제품[폭이 600밀리미터 미만인 것으로서 클래드(clad)ㆍ도금ㆍ도포한 것으로 한정한다]
721250,7212,사각지대(수집필요),그 밖의 다른 방법으로 도금하거나 도포한 것,철이나 비합금강의 평판압연제품[폭이 600밀리미터 미만인 것으로서 클래드(clad)ㆍ도금ㆍ도포한 것으로 한정한다]
721260,7212,기존379(수집완료),철이나 비합금강의 평판압연제품[폭이 600밀리미터 미만인 것으로서 클래드(clad)ㆍ도금ㆍ도포한 것으로 한정한다],철이나 비합금강의 평판압연제품[폭이 600밀리미터 미만인 것으로서 클래드(clad)ㆍ도금ㆍ도포한 것으로 한정한다]
721310,7213,사각지대(수집필요),철이나 비합금강의 봉[열간(熱間)압연한 것으로서 불규칙적으로 감은 코일 모양인 것으로 한정한다],철이나 비합금강의 봉[열간(熱間)압연한 것으로서 불규칙적으로 감은 코일 모양인 것으로 한정한다]
721320,7213,기존379(수집완료),철이나 비합금강의 봉[열간(熱間)압연한 것으로서 불규칙적으로 감은 코일 모양인 것으로 한정한다],철이나 비합금강의 봉[열간(熱間)압연한 것으로서 불규칙적으로 감은 코일 모양인 것으로 한정한다]
721391,7213,기존379(수집완료),횡단면이 원형인 것으로 지름이 14밀리미터 미만인 것,철이나 비합금강의 봉[열간(熱間)압연한 것으로서 불규칙적으로 감은 코일 모양인 것으로 한정한다]
721399,7213,기존379(수집완료),기타,철이나 비합금강의 봉[열간(熱間)압연한 것으로서 불규칙적으로 감은 코일 모양인 것으로 한정한다]
721410,7214,기존379(수집완료),"철이나 비합금강의 그 밖의 봉[단조(鍛造)ㆍ열간(熱間)압연ㆍ열간인발(熱間引拔)ㆍ열간(熱間)압출보다 더 가공하지 않은 것으로 한정하고, 압연 후 꼬임가공된 것을 포함한다]","철이나 비합금강의 그 밖의 봉[단조(鍛造)ㆍ열간(熱間)압연ㆍ열간인발(熱間引拔)ㆍ열간(熱間)압출보다 더 가공하지 않은 것으로 한정하고, 압연 후 꼬임가공된 것을 포함한다]"
721420,7214,사각지대(수집필요),"압연공정에서 발생하는 톱니 모양의 마디ㆍ리브(rib)ㆍ홈이나 그 밖의 모양으로 된 것, 압연 후 꼬임가공된 것","철이나 비합금강의 그 밖의 봉[단조(鍛造)ㆍ열간(熱間)압연ㆍ열간인발(熱間引拔)ㆍ열간(熱間)압출보다 더 가공하지 않은 것으로 한정하고, 압연 후 꼬임가공된 것을 포함한다]"
721430,7214,사각지대(수집필요),"철이나 비합금강의 그 밖의 봉[단조(鍛造)ㆍ열간(熱間)압연ㆍ열간인발(熱間引拔)ㆍ열간(熱間)압출보다 더 가공하지 않은 것으로 한정하고, 압연 후 꼬임가공된 것을 포함한다]","철이나 비합금강의 그 밖의 봉[단조(鍛造)ㆍ열간(熱間)압연ㆍ열간인발(熱間引拔)ㆍ열간(熱間)압출보다 더 가공하지 않은 것으로 한정하고, 압연 후 꼬임가공된 것을 포함한다]"
721491,7214,사각지대(수집필요),"철이나 비합금강의 그 밖의 봉[단조(鍛造)ㆍ열간(熱間)압연ㆍ열간인발(熱間引拔)ㆍ열간(熱間)압출보다 더 가공하지 않은 것으로 한정하고, 압연 후 꼬임가공된 것을 포함한다]","철이나 비합금강의 그 밖의 봉[단조(鍛造)ㆍ열간(熱間)압연ㆍ열간인발(熱間引拔)ㆍ열간(熱間)압출보다 더 가공하지 않은 것으로 한정하고, 압연 후 꼬임가공된 것을 포함한다]"
721499,7214,기존379(수집완료),기타,"철이나 비합금강의 그 밖의 봉[단조(鍛造)ㆍ열간(熱間)압연ㆍ열간인발(熱間引拔)ㆍ열간(熱間)압출보다 더 가공하지 않은 것으로 한정하고, 압연 후 꼬임가공된 것을 포함한다]"
721510,7215,사각지대(수집필요),철이나 비합금강의 그 밖의 봉,철이나 비합금강의 그 밖의 봉
721550,7215,기존379(수집완료),철이나 비합금강의 그 밖의 봉,철이나 비합금강의 그 밖의 봉
721590,7215,기존379(수집완료),철이나 비합금강의 그 밖의 봉,철이나 비합금강의 그 밖의 봉
721610,7216,사각지대(수집필요),유(U)형강ㆍ아이(I)형강ㆍ에이치(H)형강[열간(熱間)압연ㆍ열간인발(熱間引拔)ㆍ압출보다 더 가공하지 않은 것으로서 높이가 80밀리미터 미만인 것으로 한정한다],철이나 비합금강의 형강(形鋼)
721621,7216,기존379(수집완료),철이나 비합금강의 형강(形鋼),철이나 비합금강의 형강(形鋼)
721622,7216,사각지대(수집필요),철이나 비합금강의 형강(形鋼),철이나 비합금강의 형강(形鋼)
721631,7216,기존379(수집완료),철이나 비합금강의 형강(形鋼),철이나 비합금강의 형강(形鋼)
721632,7216,사각지대(수집필요),철이나 비합금강의 형강(形鋼),철이나 비합금강의 형강(形鋼)
721633,7216,사각지대(수집필요),에이치(H)형강,철이나 비합금강의 형강(形鋼)
721640,7216,기존379(수집완료),엘(L)형강이나 티(T)형강[열간(熱間)압연ㆍ열간인발(熱間引拔)ㆍ압출보다 더 가공하지 않은 것으로서 높이가 80밀리미터 이상인 것으로 한정한다],철이나 비합금강의 형강(形鋼)
721650,7216,사각지대(수집필요),철이나 비합금강의 형강(形鋼),철이나 비합금강의 형강(形鋼)
721661,7216,사각지대(수집필요),철이나 비합금강의 형강(形鋼),철이나 비합금강의 형강(形鋼)
721669,7216,사각지대(수집필요),철이나 비합금강의 형강(形鋼),철이나 비합금강의 형강(形鋼)
721691,7216,사각지대(수집필요),철이나 비합금강의 형강(形鋼),철이나 비합금강의 형강(形鋼)
721699,7216,사각지대(수집필요),철이나 비합금강의 형강(形鋼),철이나 비합금강의 형강(形鋼)
721710,7217,기존379(수집완료),철이나 비합금강의 선(線),철이나 비합금강의 선(線)
721720,7217,기존379(수집완료),철이나 비합금강의 선(線),철이나 비합금강의 선(線)
721730,7217,기존379(수집완료),그 밖의 비금속(卑金屬)을 도금하거나 도포한 것,철이나 비합금강의 선(線)
721790,7217,기존379(수집완료),철이나 비합금강의 선(線),철이나 비합금강의 선(線)
722100,7221,52HS4(수집완료),스테인리스강의 봉[열간(熱間)압연한 것으로서 불규칙적으로 감은 코일 모양인 것으로 한정한다],스테인리스강의 봉[열간(熱間)압연한 것으로서 불규칙적으로 감은 코일 모양인 것으로 한정한다]
722300,7223,52HS4(수집완료),스테인리스강의 선(線),스테인리스강의 선(線)
722410,7224,사각지대(수집필요),잉곳(ingot)이나 그 밖의 일차제품(primary form) 형태인 것,그 밖의 합금강[잉곳(ingot)이나 그 밖의 일차제품(primary form) 형태인 것으로 한정한다]과 그 밖의 합금강의 반제품
722490,7224,기존379(수집완료),기타,그 밖의 합금강[잉곳(ingot)이나 그 밖의 일차제품(primary form) 형태인 것으로 한정한다]과 그 밖의 합금강의 반제품
722511,7225,52HS4(수집완료),그 밖의 합금강의 평판압연제품(폭이 600밀리미터 이상인 것으로 한정한다),그 밖의 합금강의 평판압연제품(폭이 600밀리미터 이상인 것으로 한정한다)
722519,7225,52HS4(수집완료),그 밖의 합금강의 평판압연제품(폭이 600밀리미터 이상인 것으로 한정한다),그 밖의 합금강의 평판압연제품(폭이 600밀리미터 이상인 것으로 한정한다)
722530,7225,52HS4(수집완료),기타[코일 모양인 것으로서 열간(熱間)압연보다 더 가공하지 않은 것으로 한정한다],그 밖의 합금강의 평판압연제품(폭이 600밀리미터 이상인 것으로 한정한다)
722540,7225,52HS4(수집완료),"기타[코일 모양은 제외하고, 열간(熱間)압연보다 더 가공하지 않은 것으로 한정한다]",그 밖의 합금강의 평판압연제품(폭이 600밀리미터 이상인 것으로 한정한다)
722550,7225,52HS4(수집완료),기타[냉간압연(냉간환원)보다 더 가공하지 않은 것으로 한정한다],그 밖의 합금강의 평판압연제품(폭이 600밀리미터 이상인 것으로 한정한다)
722591,7225,52HS4(수집완료),아연을 전해도금하거나 도포한 것,그 밖의 합금강의 평판압연제품(폭이 600밀리미터 이상인 것으로 한정한다)
722592,7225,52HS4(수집완료),그 밖의 방법으로 아연을 도금하거나 도포한 것,그 밖의 합금강의 평판압연제품(폭이 600밀리미터 이상인 것으로 한정한다)
722599,7225,52HS4(수집완료),기타,그 밖의 합금강의 평판압연제품(폭이 600밀리미터 이상인 것으로 한정한다)
722611,7226,기존379(수집완료),그 밖의 합금강의 평판압연제품(폭이 600밀리미터 미만인 것으로 한정한다),그 밖의 합금강의 평판압연제품(폭이 600밀리미터 미만인 것으로 한정한다)
722619,7226,기존379(수집완료),그 밖의 합금강의 평판압연제품(폭이 600밀리미터 미만인 것으로 한정한다),그 밖의 합금강의 평판압연제품(폭이 600밀리미터 미만인 것으로 한정한다)
722620,7226,사각지대(수집필요),그 밖의 합금강의 평판압연제품(폭이 600밀리미터 미만인 것으로 한정한다),그 밖의 합금강의 평판압연제품(폭이 600밀리미터 미만인 것으로 한정한다)
722691,7226,사각지대(수집필요),열간(熱間)압연보다 더 가공하지 않은 것,그 밖의 합금강의 평판압연제품(폭이 600밀리미터 미만인 것으로 한정한다)
722692,7226,기존379(수집완료),그 밖의 합금강의 평판압연제품(폭이 600밀리미터 미만인 것으로 한정한다),그 밖의 합금강의 평판압연제품(폭이 600밀리미터 미만인 것으로 한정한다)
722699,7226,사각지대(수집필요),기타,그 밖의 합금강의 평판압연제품(폭이 600밀리미터 미만인 것으로 한정한다)
722710,7227,사각지대(수집필요),그 밖의 합금강의 봉[열간(熱間)압연한 것으로서 불규칙적으로 감은 코일 모양으로 한정한다],그 밖의 합금강의 봉[열간(熱間)압연한 것으로서 불규칙적으로 감은 코일 모양으로 한정한다]
722720,7227,기존379(수집완료),그 밖의 합금강의 봉[열간(熱間)압연한 것으로서 불규칙적으로 감은 코일 모양으로 한정한다],그 밖의 합금강의 봉[열간(熱間)압연한 것으로서 불규칙적으로 감은 코일 모양으로 한정한다]
722790,7227,기존379(수집완료),기타,그 밖의 합금강의 봉[열간(熱間)압연한 것으로서 불규칙적으로 감은 코일 모양으로 한정한다]
722810,7228,사각지대(수집필요),"그 밖의 합금강의 그 밖의 봉, 그 밖의 합금강의 형강(形鋼), 합금강이나 비합금강의 중공(中空)드릴봉","그 밖의 합금강의 그 밖의 봉, 그 밖의 합금강의 형강(形鋼), 합금강이나 비합금강의 중공(中空)드릴봉"
722820,7228,사각지대(수집필요),"그 밖의 합금강의 그 밖의 봉, 그 밖의 합금강의 형강(形鋼), 합금강이나 비합금강의 중공(中空)드릴봉","그 밖의 합금강의 그 밖의 봉, 그 밖의 합금강의 형강(形鋼), 합금강이나 비합금강의 중공(中空)드릴봉"
722830,7228,기존379(수집완료),그 밖의 봉[열간(熱間)압연ㆍ열간인발(熱間引拔)ㆍ압출보다 더 가공하지 않은 것으로 한정한다],"그 밖의 합금강의 그 밖의 봉, 그 밖의 합금강의 형강(形鋼), 합금강이나 비합금강의 중공(中空)드릴봉"
722840,7228,사각지대(수집필요),그 밖의 봉[단조(鍛造)보다 더 가공하지 않은 것으로 한정한다],"그 밖의 합금강의 그 밖의 봉, 그 밖의 합금강의 형강(形鋼), 합금강이나 비합금강의 중공(中空)드릴봉"
722850,7228,사각지대(수집필요),"그 밖의 합금강의 그 밖의 봉, 그 밖의 합금강의 형강(形鋼), 합금강이나 비합금강의 중공(中空)드릴봉","그 밖의 합금강의 그 밖의 봉, 그 밖의 합금강의 형강(形鋼), 합금강이나 비합금강의 중공(中空)드릴봉"
722860,7228,기존379(수집완료),그 밖의 봉,"그 밖의 합금강의 그 밖의 봉, 그 밖의 합금강의 형강(形鋼), 합금강이나 비합금강의 중공(中空)드릴봉"
722870,7228,기존379(수집완료),형강(形鋼),"그 밖의 합금강의 그 밖의 봉, 그 밖의 합금강의 형강(形鋼), 합금강이나 비합금강의 중공(中空)드릴봉"
722880,7228,사각지대(수집필요),"그 밖의 합금강의 그 밖의 봉, 그 밖의 합금강의 형강(形鋼), 합금강이나 비합금강의 중공(中空)드릴봉","그 밖의 합금강의 그 밖의 봉, 그 밖의 합금강의 형강(形鋼), 합금강이나 비합금강의 중공(中空)드릴봉"
722920,7229,기존379(수집완료),그 밖의 합금강의 선(線),그 밖의 합금강의 선(線)
722990,7229,사각지대(수집필요),기타,그 밖의 합금강의 선(線)
730110,7301,사각지대(수집필요),널말뚝(sheet piling),철강으로 만든 널말뚝(sheet piling)(구멍을 뚫은 것인지 또는 조립된 것인지에 상관없다)과 용접된 형강(形鋼)
730120,7301,기존379(수집완료),형강(形鋼),철강으로 만든 널말뚝(sheet piling)(구멍을 뚫은 것인지 또는 조립된 것인지에 상관없다)과 용접된 형강(形鋼)
730210,7302,기존379(수집완료),레일(rail),철강으로 만든 철도용이나 궤도용 선로의 건설재료[레일(rail)ㆍ첵레일(check-rail)과 랙레일(rack rail)ㆍ스위치 블레이드(switch blade)ㆍ교차구류(crossing frog)ㆍ전철봉(point rod)과 그 밖의 크로싱피스(crossing piece)ㆍ받침목(크로스타이)ㆍ이음매판(fish-plate)ㆍ좌철(座鐵)ㆍ좌철(座鐵)쐐기ㆍ밑판(sole plate)(베이스플레이트)ㆍ레일클립ㆍ받침판(bedplate)ㆍ격재(tie)와 레일의 접속이나 고착에 전용되는 그 밖의 재료로 한정한다]
730230,7302,기존379(수집완료),철강으로 만든 철도용이나 궤도용 선로의 건설재료[레일(rail)ㆍ첵레일(check-rail)과 랙레일(rack rail)ㆍ스위치 블레이드(switch blade)ㆍ교차구류(crossing frog)ㆍ전철봉(point rod)과 그 밖의 크로싱피스(crossing piece)ㆍ받침목(크로스타이)ㆍ이음매판(fish-plate)ㆍ좌철(座鐵)ㆍ좌철(座鐵)쐐기ㆍ밑판(sole plate)(베이스플레이트)ㆍ레일클립ㆍ받침판(bedplate)ㆍ격재(tie)와 레일의 접속이나 고착에 전용되는 그 밖의 재료로 한정한다],철강으로 만든 철도용이나 궤도용 선로의 건설재료[레일(rail)ㆍ첵레일(check-rail)과 랙레일(rack rail)ㆍ스위치 블레이드(switch blade)ㆍ교차구류(crossing frog)ㆍ전철봉(point rod)과 그 밖의 크로싱피스(crossing piece)ㆍ받침목(크로스타이)ㆍ이음매판(fish-plate)ㆍ좌철(座鐵)ㆍ좌철(座鐵)쐐기ㆍ밑판(sole plate)(베이스플레이트)ㆍ레일클립ㆍ받침판(bedplate)ㆍ격재(tie)와 레일의 접속이나 고착에 전용되는 그 밖의 재료로 한정한다]
730240,7302,기존379(수집완료),철강으로 만든 철도용이나 궤도용 선로의 건설재료[레일(rail)ㆍ첵레일(check-rail)과 랙레일(rack rail)ㆍ스위치 블레이드(switch blade)ㆍ교차구류(crossing frog)ㆍ전철봉(point rod)과 그 밖의 크로싱피스(crossing piece)ㆍ받침목(크로스타이)ㆍ이음매판(fish-plate)ㆍ좌철(座鐵)ㆍ좌철(座鐵)쐐기ㆍ밑판(sole plate)(베이스플레이트)ㆍ레일클립ㆍ받침판(bedplate)ㆍ격재(tie)와 레일의 접속이나 고착에 전용되는 그 밖의 재료로 한정한다],철강으로 만든 철도용이나 궤도용 선로의 건설재료[레일(rail)ㆍ첵레일(check-rail)과 랙레일(rack rail)ㆍ스위치 블레이드(switch blade)ㆍ교차구류(crossing frog)ㆍ전철봉(point rod)과 그 밖의 크로싱피스(crossing piece)ㆍ받침목(크로스타이)ㆍ이음매판(fish-plate)ㆍ좌철(座鐵)ㆍ좌철(座鐵)쐐기ㆍ밑판(sole plate)(베이스플레이트)ㆍ레일클립ㆍ받침판(bedplate)ㆍ격재(tie)와 레일의 접속이나 고착에 전용되는 그 밖의 재료로 한정한다]
730290,7302,기존379(수집완료),철강으로 만든 철도용이나 궤도용 선로의 건설재료[레일(rail)ㆍ첵레일(check-rail)과 랙레일(rack rail)ㆍ스위치 블레이드(switch blade)ㆍ교차구류(crossing frog)ㆍ전철봉(point rod)과 그 밖의 크로싱피스(crossing piece)ㆍ받침목(크로스타이)ㆍ이음매판(fish-plate)ㆍ좌철(座鐵)ㆍ좌철(座鐵)쐐기ㆍ밑판(sole plate)(베이스플레이트)ㆍ레일클립ㆍ받침판(bedplate)ㆍ격재(tie)와 레일의 접속이나 고착에 전용되는 그 밖의 재료로 한정한다],철강으로 만든 철도용이나 궤도용 선로의 건설재료[레일(rail)ㆍ첵레일(check-rail)과 랙레일(rack rail)ㆍ스위치 블레이드(switch blade)ㆍ교차구류(crossing frog)ㆍ전철봉(point rod)과 그 밖의 크로싱피스(crossing piece)ㆍ받침목(크로스타이)ㆍ이음매판(fish-plate)ㆍ좌철(座鐵)ㆍ좌철(座鐵)쐐기ㆍ밑판(sole plate)(베이스플레이트)ㆍ레일클립ㆍ받침판(bedplate)ㆍ격재(tie)와 레일의 접속이나 고착에 전용되는 그 밖의 재료로 한정한다]
730411,7304,기존379(수집완료),철강(주철은 제외한다)으로 만든 관(管)과 중공(中空)프로파일(profile)[무계목(無繼目)으로 한정한다],철강(주철은 제외한다)으로 만든 관(管)과 중공(中空)프로파일(profile)[무계목(無繼目)으로 한정한다]
730419,7304,사각지대(수집필요),철강(주철은 제외한다)으로 만든 관(管)과 중공(中空)프로파일(profile)[무계목(無繼目)으로 한정한다],철강(주철은 제외한다)으로 만든 관(管)과 중공(中空)프로파일(profile)[무계목(無繼目)으로 한정한다]
730422,7304,사각지대(수집필요),철강(주철은 제외한다)으로 만든 관(管)과 중공(中空)프로파일(profile)[무계목(無繼目)으로 한정한다],철강(주철은 제외한다)으로 만든 관(管)과 중공(中空)프로파일(profile)[무계목(無繼目)으로 한정한다]
730423,7304,사각지대(수집필요),철강(주철은 제외한다)으로 만든 관(管)과 중공(中空)프로파일(profile)[무계목(無繼目)으로 한정한다],철강(주철은 제외한다)으로 만든 관(管)과 중공(中空)프로파일(profile)[무계목(無繼目)으로 한정한다]
730424,7304,사각지대(수집필요),철강(주철은 제외한다)으로 만든 관(管)과 중공(中空)프로파일(profile)[무계목(無繼目)으로 한정한다],철강(주철은 제외한다)으로 만든 관(管)과 중공(中空)프로파일(profile)[무계목(無繼目)으로 한정한다]
730429,7304,사각지대(수집필요),철강(주철은 제외한다)으로 만든 관(管)과 중공(中空)프로파일(profile)[무계목(無繼目)으로 한정한다],철강(주철은 제외한다)으로 만든 관(管)과 중공(中空)프로파일(profile)[무계목(無繼目)으로 한정한다]
730431,7304,기존379(수집완료),철강(주철은 제외한다)으로 만든 관(管)과 중공(中空)프로파일(profile)[무계목(無繼目)으로 한정한다],철강(주철은 제외한다)으로 만든 관(管)과 중공(中空)프로파일(profile)[무계목(無繼目)으로 한정한다]
730439,7304,사각지대(수집필요),철강(주철은 제외한다)으로 만든 관(管)과 중공(中空)프로파일(profile)[무계목(無繼目)으로 한정한다],철강(주철은 제외한다)으로 만든 관(管)과 중공(中空)프로파일(profile)[무계목(無繼目)으로 한정한다]
730441,7304,기존379(수집완료),철강(주철은 제외한다)으로 만든 관(管)과 중공(中空)프로파일(profile)[무계목(無繼目)으로 한정한다],철강(주철은 제외한다)으로 만든 관(管)과 중공(中空)프로파일(profile)[무계목(無繼目)으로 한정한다]
730449,7304,사각지대(수집필요),철강(주철은 제외한다)으로 만든 관(管)과 중공(中空)프로파일(profile)[무계목(無繼目)으로 한정한다],철강(주철은 제외한다)으로 만든 관(管)과 중공(中空)프로파일(profile)[무계목(無繼目)으로 한정한다]
730451,7304,사각지대(수집필요),철강(주철은 제외한다)으로 만든 관(管)과 중공(中空)프로파일(profile)[무계목(無繼目)으로 한정한다],철강(주철은 제외한다)으로 만든 관(管)과 중공(中空)프로파일(profile)[무계목(無繼目)으로 한정한다]
730459,7304,사각지대(수집필요),철강(주철은 제외한다)으로 만든 관(管)과 중공(中空)프로파일(profile)[무계목(無繼目)으로 한정한다],철강(주철은 제외한다)으로 만든 관(管)과 중공(中空)프로파일(profile)[무계목(無繼目)으로 한정한다]
730490,7304,사각지대(수집필요),철강(주철은 제외한다)으로 만든 관(管)과 중공(中空)프로파일(profile)[무계목(無繼目)으로 한정한다],철강(주철은 제외한다)으로 만든 관(管)과 중공(中空)프로파일(profile)[무계목(無繼目)으로 한정한다]
730511,7305,기존379(수집완료),세로 방향으로 서브머지드아크(submerged arc) 용접한 것,"철강으로 만든 그 밖의 관(管)[예: 용접ㆍ리벳(rivet)이나 이와 유사한 방법으로 봉합한 것]으로서 횡단면이 원형이고, 바깥지름이 406.4밀리미터를 초과하는 것"
730512,7305,사각지대(수집필요),"철강으로 만든 그 밖의 관(管)[예: 용접ㆍ리벳(rivet)이나 이와 유사한 방법으로 봉합한 것]으로서 횡단면이 원형이고, 바깥지름이 406.4밀리미터를 초과하는 것","철강으로 만든 그 밖의 관(管)[예: 용접ㆍ리벳(rivet)이나 이와 유사한 방법으로 봉합한 것]으로서 횡단면이 원형이고, 바깥지름이 406.4밀리미터를 초과하는 것"
730519,7305,사각지대(수집필요),"철강으로 만든 그 밖의 관(管)[예: 용접ㆍ리벳(rivet)이나 이와 유사한 방법으로 봉합한 것]으로서 횡단면이 원형이고, 바깥지름이 406.4밀리미터를 초과하는 것","철강으로 만든 그 밖의 관(管)[예: 용접ㆍ리벳(rivet)이나 이와 유사한 방법으로 봉합한 것]으로서 횡단면이 원형이고, 바깥지름이 406.4밀리미터를 초과하는 것"
730520,7305,사각지대(15개월 거래0),"철강으로 만든 그 밖의 관(管)[예: 용접ㆍ리벳(rivet)이나 이와 유사한 방법으로 봉합한 것]으로서 횡단면이 원형이고, 바깥지름이 406.4밀리미터를 초과하는 것","철강으로 만든 그 밖의 관(管)[예: 용접ㆍ리벳(rivet)이나 이와 유사한 방법으로 봉합한 것]으로서 횡단면이 원형이고, 바깥지름이 406.4밀리미터를 초과하는 것"
730531,7305,기존379(수집완료),세로 방향으로 용접한 것,"철강으로 만든 그 밖의 관(管)[예: 용접ㆍ리벳(rivet)이나 이와 유사한 방법으로 봉합한 것]으로서 횡단면이 원형이고, 바깥지름이 406.4밀리미터를 초과하는 것"
730539,7305,사각지대(수집필요),"철강으로 만든 그 밖의 관(管)[예: 용접ㆍ리벳(rivet)이나 이와 유사한 방법으로 봉합한 것]으로서 횡단면이 원형이고, 바깥지름이 406.4밀리미터를 초과하는 것","철강으로 만든 그 밖의 관(管)[예: 용접ㆍ리벳(rivet)이나 이와 유사한 방법으로 봉합한 것]으로서 횡단면이 원형이고, 바깥지름이 406.4밀리미터를 초과하는 것"
730590,7305,사각지대(수집필요),"철강으로 만든 그 밖의 관(管)[예: 용접ㆍ리벳(rivet)이나 이와 유사한 방법으로 봉합한 것]으로서 횡단면이 원형이고, 바깥지름이 406.4밀리미터를 초과하는 것","철강으로 만든 그 밖의 관(管)[예: 용접ㆍ리벳(rivet)이나 이와 유사한 방법으로 봉합한 것]으로서 횡단면이 원형이고, 바깥지름이 406.4밀리미터를 초과하는 것"
730611,7306,사각지대(수집필요),철강으로 만든 그 밖의 관(管)과 중공(中空)프로파일(profile)[예: 오픈심(open seam)ㆍ용접ㆍ리벳(rivet)이나 이와 유사한 방법으로 봉합한 것],철강으로 만든 그 밖의 관(管)과 중공(中空)프로파일(profile)[예: 오픈심(open seam)ㆍ용접ㆍ리벳(rivet)이나 이와 유사한 방법으로 봉합한 것]
730619,7306,사각지대(수집필요),철강으로 만든 그 밖의 관(管)과 중공(中空)프로파일(profile)[예: 오픈심(open seam)ㆍ용접ㆍ리벳(rivet)이나 이와 유사한 방법으로 봉합한 것],철강으로 만든 그 밖의 관(管)과 중공(中空)프로파일(profile)[예: 오픈심(open seam)ㆍ용접ㆍ리벳(rivet)이나 이와 유사한 방법으로 봉합한 것]
730621,7306,사각지대(수집필요),용접한 것(스테인리스강으로 만든 것으로 한정한다),철강으로 만든 그 밖의 관(管)과 중공(中空)프로파일(profile)[예: 오픈심(open seam)ㆍ용접ㆍ리벳(rivet)이나 이와 유사한 방법으로 봉합한 것]
730629,7306,사각지대(수집필요),기타,철강으로 만든 그 밖의 관(管)과 중공(中空)프로파일(profile)[예: 오픈심(open seam)ㆍ용접ㆍ리벳(rivet)이나 이와 유사한 방법으로 봉합한 것]
730630,7306,사각지대(수집필요),"기타(용접한 것으로 한정하며, 횡단면이 원형인 것으로서 철이나 비합금강으로 만든 것으로 한정한다)",철강으로 만든 그 밖의 관(管)과 중공(中空)프로파일(profile)[예: 오픈심(open seam)ㆍ용접ㆍ리벳(rivet)이나 이와 유사한 방법으로 봉합한 것]
730640,7306,기존379(수집완료),"기타(용접한 것으로 한정하며, 횡단면이 원형인 것으로서 스테인리스강으로 만든 것으로 한정한다)",철강으로 만든 그 밖의 관(管)과 중공(中空)프로파일(profile)[예: 오픈심(open seam)ㆍ용접ㆍ리벳(rivet)이나 이와 유사한 방법으로 봉합한 것]
730650,7306,사각지대(수집필요),철강으로 만든 그 밖의 관(管)과 중공(中空)프로파일(profile)[예: 오픈심(open seam)ㆍ용접ㆍ리벳(rivet)이나 이와 유사한 방법으로 봉합한 것],철강으로 만든 그 밖의 관(管)과 중공(中空)프로파일(profile)[예: 오픈심(open seam)ㆍ용접ㆍ리벳(rivet)이나 이와 유사한 방법으로 봉합한 것]
730661,7306,사각지대(수집필요),횡단면이 정사각형이나 직사각형인 것,철강으로 만든 그 밖의 관(管)과 중공(中空)프로파일(profile)[예: 오픈심(open seam)ㆍ용접ㆍ리벳(rivet)이나 이와 유사한 방법으로 봉합한 것]
730669,7306,사각지대(수집필요),그 밖의 횡단면이 원형이 아닌 것,철강으로 만든 그 밖의 관(管)과 중공(中空)프로파일(profile)[예: 오픈심(open seam)ㆍ용접ㆍ리벳(rivet)이나 이와 유사한 방법으로 봉합한 것]
730690,7306,사각지대(수집필요),기타,철강으로 만든 그 밖의 관(管)과 중공(中空)프로파일(profile)[예: 오픈심(open seam)ㆍ용접ㆍ리벳(rivet)이나 이와 유사한 방법으로 봉합한 것]
730711,7307,기존379(수집완료),철강으로 만든 관(管) 연결구류[예: 커플링(coupling)ㆍ엘보(elbow)ㆍ슬리브(sleeve)],철강으로 만든 관(管) 연결구류[예: 커플링(coupling)ㆍ엘보(elbow)ㆍ슬리브(sleeve)]
730719,7307,기존379(수집완료),철강으로 만든 관(管) 연결구류[예: 커플링(coupling)ㆍ엘보(elbow)ㆍ슬리브(sleeve)],철강으로 만든 관(管) 연결구류[예: 커플링(coupling)ㆍ엘보(elbow)ㆍ슬리브(sleeve)]
730721,7307,기존379(수집완료),철강으로 만든 관(管) 연결구류[예: 커플링(coupling)ㆍ엘보(elbow)ㆍ슬리브(sleeve)],철강으로 만든 관(管) 연결구류[예: 커플링(coupling)ㆍ엘보(elbow)ㆍ슬리브(sleeve)]
730722,7307,사각지대(수집필요),나선가공한 엘보(elbow)ㆍ벤드(bend)ㆍ슬리브(sleeve),철강으로 만든 관(管) 연결구류[예: 커플링(coupling)ㆍ엘보(elbow)ㆍ슬리브(sleeve)]
730723,7307,기존379(수집완료),철강으로 만든 관(管) 연결구류[예: 커플링(coupling)ㆍ엘보(elbow)ㆍ슬리브(sleeve)],철강으로 만든 관(管) 연결구류[예: 커플링(coupling)ㆍ엘보(elbow)ㆍ슬리브(sleeve)]
730729,7307,사각지대(수집필요),철강으로 만든 관(管) 연결구류[예: 커플링(coupling)ㆍ엘보(elbow)ㆍ슬리브(sleeve)],철강으로 만든 관(管) 연결구류[예: 커플링(coupling)ㆍ엘보(elbow)ㆍ슬리브(sleeve)]
730791,7307,기존379(수집완료),철강으로 만든 관(管) 연결구류[예: 커플링(coupling)ㆍ엘보(elbow)ㆍ슬리브(sleeve)],철강으로 만든 관(管) 연결구류[예: 커플링(coupling)ㆍ엘보(elbow)ㆍ슬리브(sleeve)]
730792,7307,기존379(수집완료),나선가공한 엘보(elbow)ㆍ벤드(bend)ㆍ슬리브(sleeve),철강으로 만든 관(管) 연결구류[예: 커플링(coupling)ㆍ엘보(elbow)ㆍ슬리브(sleeve)]
730793,7307,기존379(수집완료),철강으로 만든 관(管) 연결구류[예: 커플링(coupling)ㆍ엘보(elbow)ㆍ슬리브(sleeve)],철강으로 만든 관(管) 연결구류[예: 커플링(coupling)ㆍ엘보(elbow)ㆍ슬리브(sleeve)]
730799,7307,기존379(수집완료),기타,철강으로 만든 관(管) 연결구류[예: 커플링(coupling)ㆍ엘보(elbow)ㆍ슬리브(sleeve)]
732510,7325,기존379(수집완료),철강으로 만든 그 밖의 주물제품,철강으로 만든 그 밖의 주물제품
732591,7325,사각지대(수집필요),철강으로 만든 그 밖의 주물제품,철강으로 만든 그 밖의 주물제품
732599,7325,기존379(수집완료),기타,철강으로 만든 그 밖의 주물제품
732611,7326,사각지대(수집필요),철강으로 만든 그 밖의 제품,철강으로 만든 그 밖의 제품
732619,7326,사각지대(수집필요),철강으로 만든 그 밖의 제품,철강으로 만든 그 밖의 제품
732620,7326,사각지대(수집필요),철강으로 만든 그 밖의 제품,철강으로 만든 그 밖의 제품
732690,7326,기존379(수집완료),기타,철강으로 만든 그 밖의 제품
740100,7401,52HS4(수집완료),구리의 매트(mat)와 시멘트동(침전동),구리의 매트(mat)와 시멘트동(침전동)
740200,7402,기존379(수집완료),정제하지 않은 구리와 전해정제용 구리 양극,정제하지 않은 구리와 전해정제용 구리 양극
740400,7404,52HS4(수집완료),구리의 웨이스트(waste)와 스크랩(scrap),구리의 웨이스트(waste)와 스크랩(scrap)
740811,7408,52HS4(수집완료),구리의 선,구리의 선
740819,7408,52HS4(수집완료),구리의 선,구리의 선
740821,7408,52HS4(수집완료),구리의 선,구리의 선
740822,7408,52HS4(수집완료),구리-니켈 합금으로 만든 것(백동)이나 구리-니켈-아연 합금으로 만든 것(양백),구리의 선
740829,7408,52HS4(수집완료),기타,구리의 선
740911,7409,사각지대(수집필요),코일 모양,구리의 판ㆍ시트(sheet)ㆍ스트립(두께가 0.15밀리미터를 초과하는 것으로 한정한다)
740919,7409,기존379(수집완료),기타,구리의 판ㆍ시트(sheet)ㆍ스트립(두께가 0.15밀리미터를 초과하는 것으로 한정한다)
740921,7409,기존379(수집완료),코일 모양,구리의 판ㆍ시트(sheet)ㆍ스트립(두께가 0.15밀리미터를 초과하는 것으로 한정한다)
740929,7409,사각지대(수집필요),기타,구리의 판ㆍ시트(sheet)ㆍ스트립(두께가 0.15밀리미터를 초과하는 것으로 한정한다)
740931,7409,사각지대(수집필요),코일 모양,구리의 판ㆍ시트(sheet)ㆍ스트립(두께가 0.15밀리미터를 초과하는 것으로 한정한다)
740939,7409,사각지대(수집필요),기타,구리의 판ㆍ시트(sheet)ㆍ스트립(두께가 0.15밀리미터를 초과하는 것으로 한정한다)
740940,7409,사각지대(수집필요),구리-니켈 합금으로 만든 것(백동)이나 구리-니켈-아연 합금으로 만든 것(양백),구리의 판ㆍ시트(sheet)ㆍ스트립(두께가 0.15밀리미터를 초과하는 것으로 한정한다)
740990,7409,기존379(수집완료),기타 구리합금으로 만든 것,구리의 판ㆍ시트(sheet)ㆍ스트립(두께가 0.15밀리미터를 초과하는 것으로 한정한다)
741110,7411,사각지대(수집필요),구리로 만든 관(管),구리로 만든 관(管)
741121,7411,사각지대(수집필요),구리로 만든 관(管),구리로 만든 관(管)
741122,7411,기존379(수집완료),구리-니켈 합금으로 만든 것(백동)이나 구리-니켈-아연 합금으로 만든 것(양백),구리로 만든 관(管)
741129,7411,사각지대(수집필요),기타,구리로 만든 관(管)
741210,7412,기존379(수집완료),구리로 만든 관(管) 연결구류[예: 커플링(coupling)ㆍ엘보(elbow)ㆍ슬리브(sleeve)],구리로 만든 관(管) 연결구류[예: 커플링(coupling)ㆍ엘보(elbow)ㆍ슬리브(sleeve)]
741220,7412,기존379(수집완료),구리로 만든 관(管) 연결구류[예: 커플링(coupling)ㆍ엘보(elbow)ㆍ슬리브(sleeve)],구리로 만든 관(管) 연결구류[예: 커플링(coupling)ㆍ엘보(elbow)ㆍ슬리브(sleeve)]
750110,7501,사각지대(수집필요),니켈의 매트(mat)ㆍ소결(燒結)한 산화니켈ㆍ니켈 제련으로 생산된 그 밖의 중간생산물,니켈의 매트(mat)ㆍ소결(燒結)한 산화니켈ㆍ니켈 제련으로 생산된 그 밖의 중간생산물
750120,7501,기존379(수집완료),소결(燒結)한 산화니켈과 니켈 제련으로 생산된 그 밖의 중간생산물,니켈의 매트(mat)ㆍ소결(燒結)한 산화니켈ㆍ니켈 제련으로 생산된 그 밖의 중간생산물
750400,7504,52HS4(수집완료),니켈의 가루와 플레이크(flake),니켈의 가루와 플레이크(flake)
750610,7506,기존379(수집완료),합금하지 않은 니켈로 만든 것,니켈의 판ㆍ시트(sheet)ㆍ스트립ㆍ박(箔)
750620,7506,사각지대(수집필요),니켈 합금으로 만든 것,니켈의 판ㆍ시트(sheet)ㆍ스트립ㆍ박(箔)
750711,7507,52HS4(수집완료),니켈로 만든 관(管)이나 관(管) 연결구류[예: 커플링(coupling)ㆍ엘보(elbow)ㆍ슬리브(sleeve)],니켈로 만든 관(管)이나 관(管) 연결구류[예: 커플링(coupling)ㆍ엘보(elbow)ㆍ슬리브(sleeve)]
750712,7507,52HS4(수집완료),니켈로 만든 관(管)이나 관(管) 연결구류[예: 커플링(coupling)ㆍ엘보(elbow)ㆍ슬리브(sleeve)],니켈로 만든 관(管)이나 관(管) 연결구류[예: 커플링(coupling)ㆍ엘보(elbow)ㆍ슬리브(sleeve)]
750720,7507,52HS4(수집완료),니켈로 만든 관(管)이나 관(管) 연결구류[예: 커플링(coupling)ㆍ엘보(elbow)ㆍ슬리브(sleeve)],니켈로 만든 관(管)이나 관(管) 연결구류[예: 커플링(coupling)ㆍ엘보(elbow)ㆍ슬리브(sleeve)]
750810,7508,52HS4(수집완료),니켈로 만든 기타 제품,니켈로 만든 기타 제품
750890,7508,52HS4(수집완료),기타,니켈로 만든 기타 제품
760310,7603,52HS4(수집완료),알루미늄의 가루와 플레이크(flake),알루미늄의 가루와 플레이크(flake)
760320,7603,52HS4(수집완료),층상조직인 가루와 플레이크(flake),알루미늄의 가루와 플레이크(flake)
760611,7606,사각지대(수집필요),합금하지 않은 알루미늄으로 만든 것,알루미늄의 판ㆍ시트(sheet)ㆍ스트립(두께가 0.2밀리미터를 초과하는 것으로 한정한다)
760612,7606,기존379(수집완료),알루미늄의 판ㆍ시트(sheet)ㆍ스트립(두께가 0.2밀리미터를 초과하는 것으로 한정한다),알루미늄의 판ㆍ시트(sheet)ㆍ스트립(두께가 0.2밀리미터를 초과하는 것으로 한정한다)
760691,7606,사각지대(수집필요),합금하지 않은 알루미늄으로 만든 것,알루미늄의 판ㆍ시트(sheet)ㆍ스트립(두께가 0.2밀리미터를 초과하는 것으로 한정한다)
760692,7606,사각지대(수집필요),알루미늄의 판ㆍ시트(sheet)ㆍ스트립(두께가 0.2밀리미터를 초과하는 것으로 한정한다),알루미늄의 판ㆍ시트(sheet)ㆍ스트립(두께가 0.2밀리미터를 초과하는 것으로 한정한다)
760711,7607,기존379(수집완료),압연보다 더 가공하지 않은 것,알루미늄의 박(箔)[인쇄한 것인지 또는 종이ㆍ판지ㆍ플라스틱이나 이와 유사한 보강재로 뒷면을 붙인 것인지에 상관없으며 그 두께(보강재의 두께는 제외한다)가 0.2밀리미터 이하인 것으로 한정한다]
760719,7607,기존379(수집완료),기타,알루미늄의 박(箔)[인쇄한 것인지 또는 종이ㆍ판지ㆍ플라스틱이나 이와 유사한 보강재로 뒷면을 붙인 것인지에 상관없으며 그 두께(보강재의 두께는 제외한다)가 0.2밀리미터 이하인 것으로 한정한다]
760720,7607,사각지대(수집필요),뒷면을 붙인 것,알루미늄의 박(箔)[인쇄한 것인지 또는 종이ㆍ판지ㆍ플라스틱이나 이와 유사한 보강재로 뒷면을 붙인 것인지에 상관없으며 그 두께(보강재의 두께는 제외한다)가 0.2밀리미터 이하인 것으로 한정한다]
760810,7608,기존379(수집완료),알루미늄으로 만든 관(管),알루미늄으로 만든 관(管)
760820,7608,사각지대(수집필요),알루미늄으로 만든 관(管),알루미늄으로 만든 관(管)
780200,7802,기존379(수집완료),납의 웨이스트(waste)와 스크랩(scrap),납의 웨이스트(waste)와 스크랩(scrap)
780411,7804,기존379(수집완료),시트(sheet)ㆍ스트립ㆍ박(箔)[두께(보강재의 두께는 제외한다)가 0.2밀리미터 이하인 것으로 한정한다],시트(sheet)ㆍ스트립ㆍ박(箔)[두께(보강재의 두께는 제외한다)가 0.2밀리미터 이하인 것으로 한정한다]
780419,7804,사각지대(수집필요),시트(sheet)ㆍ스트립ㆍ박(箔)[두께(보강재의 두께는 제외한다)가 0.2밀리미터 이하인 것으로 한정한다],시트(sheet)ㆍ스트립ㆍ박(箔)[두께(보강재의 두께는 제외한다)가 0.2밀리미터 이하인 것으로 한정한다]
780420,7804,기존379(수집완료),가루와 플레이크(flake),시트(sheet)ㆍ스트립ㆍ박(箔)[두께(보강재의 두께는 제외한다)가 0.2밀리미터 이하인 것으로 한정한다]
780600,7806,기존379(수집완료),납으로 만든 그 밖의 제품,납으로 만든 그 밖의 제품
790700,7907,기존379(수집완료),아연으로 만든 그 밖의 제품,아연으로 만든 그 밖의 제품
800700,8007,기존379(수집완료),주석으로 만든 그 밖의 제품,주석으로 만든 그 밖의 제품
811100,8111,기존379(수집완료),망간과 그 제품[웨이스트(waste)와 스크랩(scrap)을 포함한다],망간과 그 제품[웨이스트(waste)와 스크랩(scrap)을 포함한다]
811300,8113,기존379(수집완료),서멧(cermet)과 그 제품[웨이스트(waste)와 스크랩(scrap)을 포함한다],서멧(cermet)과 그 제품[웨이스트(waste)와 스크랩(scrap)을 포함한다]
854911,8549,기존379(수집완료),전기ㆍ전자 웨이스트(waste)와 스크랩(scrap),전기ㆍ전자 웨이스트(waste)와 스크랩(scrap)
854912,8549,사각지대(수집필요),기타(납ㆍ카드뮴ㆍ수은을 함유한 것으로 한정한다),전기ㆍ전자 웨이스트(waste)와 스크랩(scrap)
854913,8549,사각지대(수집필요),전기ㆍ전자 웨이스트(waste)와 스크랩(scrap),전기ㆍ전자 웨이스트(waste)와 스크랩(scrap)
854914,8549,사각지대(수집필요),선별되지 않은 것(납ㆍ카드뮴ㆍ수은을 함유하지 않은 것으로 한정한다),전기ㆍ전자 웨이스트(waste)와 스크랩(scrap)
854919,8549,사각지대(수집필요),전기ㆍ전자 웨이스트(waste)와 스크랩(scrap),전기ㆍ전자 웨이스트(waste)와 스크랩(scrap)
854921,8549,사각지대(수집필요),일차전지·축전지·수은 스위치·음극선관에서 얻어진 유리·그 밖의 활성화된 유리를 함유하는 것 또는 카드뮴·수은·납·폴리염화비페닐(PCBs)을 함유한 전기·전자부품,전기ㆍ전자 웨이스트(waste)와 스크랩(scrap)
854929,8549,사각지대(수집필요),기타,전기ㆍ전자 웨이스트(waste)와 스크랩(scrap)
854931,8549,사각지대(수집필요),일차전지ㆍ축전지ㆍ수은 스위치ㆍ음극선관에서 얻어진 유리ㆍ그 밖의 활성화된 유리를 함유하는 것 또는 카드뮴ㆍ수은ㆍ납ㆍ폴리염화비페닐(PCBs)을 함유한 전기ㆍ전자부품,전기ㆍ전자 웨이스트(waste)와 스크랩(scrap)
854939,8549,사각지대(수집필요),기타,전기ㆍ전자 웨이스트(waste)와 스크랩(scrap)
854991,8549,사각지대(수집필요),일차전지ㆍ축전지ㆍ수은 스위치ㆍ음극선관에서 얻어진 유리ㆍ그 밖의 활성화된 유리를 함유하는 것 또는 카드뮴ㆍ수은ㆍ납ㆍ폴리염화비페닐(PCBs)을 함유한 전기ㆍ전자부품,전기ㆍ전자 웨이스트(waste)와 스크랩(scrap)
854999,8549,사각지대(수집필요),기타,전기ㆍ전자 웨이스트(waste)와 스크랩(scrap)
940610,9406,사각지대(수집필요),조립식 건축물,조립식 건축물
940620,9406,사각지대(수집필요),조립식 건축물,조립식 건축물
940690,9406,기존379(수집완료),기타,조립식 건축물
